galaxy,model,r_scale,V0,Yd,chi2,dof,chi2_dof,success,nfev
CamB,GenFT,1.2347715570465696,80.39619783320828,4.507245942561663e-08,5.242975518908487,6,0.8738292531514146,True,279
CamB,NFW,1.664100342019216,9.519217654067836e-05,0.7211045545267891,44.9490295853318,6,7.491504930888634,True,177
CamB,Burkert,4745.9100583270465,57346.82135410327,0.0009024881266215119,2.685847833361695,6,0.44764130556028253,True,448
CamB,PseudoIso,8524.355801846159,144923.75593532872,3.667111944281527e-05,2.678278702922002,6,0.44637978382033366,True,492
CamB,Einasto_alpha0.18,1.7205827220919225,1.4730335912460136e-06,0.7211045171304235,44.94902958531666,6,7.4915049308861095,True,173
D512-2,GenFT,0.17266845344926085,34.27107423237551,0.5736206399089641,0.058666649106281527,1,0.058666649106281527,True,418
D512-2,NFW,13394.636083189831,2208.6355587789603,1.2740431431357773,0.2746913414298809,1,0.2746913414298809,True,2412
D512-2,Burkert,1.6225736145479714,48.13139427505249,0.9455082473020608,0.10817191578004004,1,0.10817191578004004,True,179
D512-2,PseudoIso,1.1262177262631514,36.143434612563404,1.1389003365334645,0.14663468053863088,1,0.14663468053863088,True,244
D512-2,Einasto_alpha0.18,22.96595729603299,27.710932849843164,1.1422716347998096,0.4799773651677887,1,0.4799773651677887,True,427
D564-8,GenFT,0.20728054151124448,24.87006791302235,8.52927104131755e-06,0.1715349974604148,3,0.057178332486804935,True,251
D564-8,NFW,3687.2750770098787,1209.0737717632587,2.093090796554225e-06,2.653594447443112,3,0.8845314824810373,True,991
D564-8,Burkert,1.7982335984564335,39.40630684460312,4.640858903798704e-05,0.11677714373433178,3,0.038925714578110594,True,253
D564-8,PseudoIso,1.1171612627686769,32.528221993156734,1.9077180986925663e-05,0.1325196878812196,3,0.04417322929373987,True,324
D564-8,Einasto_alpha0.18,20.302062389388226,22.74009102023919,0.0002801905852281919,7.6203874921771515,3,2.5401291640590506,True,313
D631-7,GenFT,0.6534912020673366,66.91073407997214,2.739050949481283e-06,5.952670362999933,13,0.457897720230764,True,324
D631-7,NFW,25186.329914800215,4758.259381931146,3.423367550963556e-06,52.56037175862482,13,4.043105519894217,True,1103
D631-7,Burkert,5.633261335330101,105.48784221424515,1.0377719642654044e-06,4.88358650962554,13,0.3756605007404262,True,229
D631-7,PseudoIso,3.5974285050944577,88.6357264714286,1.0882032500970579e-06,4.736594006715324,13,0.364353385131948,True,234
D631-7,Einasto_alpha0.18,53.31627076433245,51.23917663118496,0.00016159458409429706,124.40188877474243,13,9.569376059595571,True,443
DDO064,GenFT,0.19759774248462314,47.8410337459556,2.5491684132594586e-06,3.4960019554092163,11,0.31781835958265603,True,285
DDO064,NFW,15747.678217436198,4796.017979461614,0.48251846624945427,6.639067279574739,11,0.6035515708704309,True,1179
DDO064,Burkert,1.744142131319319,76.45636867199576,2.1773451244892523e-06,3.639479965893335,11,0.33086181508121226,True,259
DDO064,PseudoIso,1.1165221250730553,64.21669151969718,4.776248424754892e-05,3.9151814232215716,11,0.3559255839292338,True,304
DDO064,Einasto_alpha0.18,19.50590312124831,22.967701586330563,1.660797029486348,11.74202069161585,11,1.0674564265105317,True,342
DDO154,GenFT,0.29560686924631474,45.04074562534139,0.5050954239148093,6.016988046611354,9,0.6685542274012616,True,232
DDO154,NFW,13.440709276516095,131.84524320058205,5.323832346600446e-07,78.58983483590899,9,8.732203870656555,True,379
DDO154,Burkert,2.544959382489016,71.18667796820935,0.4965167269568118,10.231218211094879,9,1.1368020234549865,True,208
DDO154,PseudoIso,1.4354483398615248,57.014534813322356,0.2452544621219965,19.722040867841596,9,2.191337874204622,True,246
DDO154,Einasto_alpha0.18,29.516640171549994,48.23415087577388,6.578170333346753e-05,110.18627556592894,9,12.242919507325437,True,451
DDO161,GenFT,0.8409446491930048,60.88152576935947,0.7010915045261915,6.9816634007105,28,0.2493451214539464,True,265
DDO161,NFW,35.022377813622995,174.89618953974306,1.5208883928669274e-06,15.951840700007125,28,0.5697085964288259,True,298
DDO161,Burkert,7.4398141849154324,96.8163012372894,0.7301864414778633,7.642548767625583,28,0.27294817027234225,True,163
DDO161,PseudoIso,4.469271471114771,78.83709962155388,0.7238072406930405,9.683580604424591,28,0.3458421644437354,True,168
DDO161,Einasto_alpha0.18,71.08836249493612,61.0322786060252,1.9587007360061773e-05,33.49247071160746,28,1.196159668271695,True,264
DDO168,GenFT,0.3880565390500509,62.73616372143205,2.0786547008285944e-06,32.34134789230419,7,4.620192556043456,True,281
DDO168,NFW,23067.519930204166,5555.81359455939,1.200613237337399e-07,76.12491182563934,7,10.874987403662763,True,1216
DDO168,Burkert,3.400950534111402,99.91005663859697,1.8912627623187353e-06,29.915783844066233,7,4.273683406295176,True,270
DDO168,PseudoIso,2.2414271863122006,85.609043708428,4.635383033296963e-06,29.470391326183794,7,4.210055903740542,True,209
DDO168,Einasto_alpha0.18,48.86653380784516,48.44383642869899,5.023080851401373e-05,121.24557671590738,7,17.320796673701054,True,396
DDO170,GenFT,0.6885508383382299,51.37667372060872,1.3985460633202478,13.852391265385688,5,2.7704782530771377,True,314
DDO170,NFW,10.98441880817766,125.7441225238301,1.0604060165405314e-05,12.486360697283292,5,2.4972721394566584,True,273
DDO170,Burkert,3.805901799033692,83.58821336687583,0.00010031873997569313,9.879481136400031,5,1.9758962272800062,True,352
DDO170,PseudoIso,1.8383001407929283,63.05928401253424,1.3511304569095977e-05,7.6275515462488155,5,1.525510309249763,True,382
DDO170,Einasto_alpha0.18,17.903576900178447,56.45023393753311,8.401438092858326e-06,14.48935678303302,5,2.897871356606604,True,315
ESO079-G014,GenFT,0.8477890158254676,168.20710826261552,0.3532750036589379,9.434438904518181,12,0.7862032420431818,True,365
ESO079-G014,NFW,409.67215341069704,960.3549623840902,0.9144041912155696,45.68888604624353,12,3.8074071705202943,True,426
ESO079-G014,Burkert,7.432192843294773,253.4611299615342,0.5132496754240736,11.336800980217149,12,0.9447334150180957,True,226
ESO079-G014,PseudoIso,4.7214351832401125,194.13518171889453,0.6692337274818774,16.39581212002699,12,1.3663176766689158,True,196
ESO079-G014,Einasto_alpha0.18,11.726426272169043,8.69722544854254e-06,1.3022919426171269,127.41721328857068,12,10.61810110738089,True,235
ESO116-G012,GenFT,0.4656744114471183,98.28204233814913,0.7799504487454136,8.284591686987307,12,0.6903826405822756,True,199
ESO116-G012,NFW,18.881685972993214,278.8729474077128,0.6173941863449368,30.151556058627655,12,2.5126296715523044,True,203
ESO116-G012,Burkert,4.081759764962097,153.87767988883525,0.8060452944557623,9.523355714795805,12,0.7936129762329838,True,169
ESO116-G012,PseudoIso,2.5631847846601277,124.39249957701477,0.8419752673775441,12.242545068543137,12,1.0202120890452615,True,174
ESO116-G012,Einasto_alpha0.18,29.62015059793168,108.60334726961969,0.47348349872959217,49.1125554394075,12,4.092712953283958,True,309
ESO444-G084,GenFT,0.27009733120882723,62.56238399201566,1.7418323861516147,0.5949559559640217,4,0.14873898899100543,True,278
ESO444-G084,NFW,10.1238226170138,181.01975315900407,4.335378515280561e-06,3.0359255044986972,4,0.7589813761246743,True,278
ESO444-G084,Burkert,2.453041289113337,100.45455672984991,1.7980085686624534,0.6840155937390668,4,0.1710038984347667,True,217
ESO444-G084,PseudoIso,1.54957539439501,83.51352300692938,1.8162232816185662,0.8172498547521624,4,0.2043124636880406,True,182
ESO444-G084,Einasto_alpha0.18,15.494266810803659,64.3835206184799,0.00017138617973946714,11.25814101690106,4,2.814535254225265,True,350
ESO563-G021,GenFT,0.9869018470031437,338.30252516845786,2.51640733889377e-06,194.98177072409686,27,7.221547063855439,True,391
ESO563-G021,NFW,101462.24873382054,17363.76822707094,0.9764141280543523,474.7344414487465,27,17.582757090694315,True,1209
ESO563-G021,Burkert,7.468802191695211,495.40315974756663,2.0400446839656925e-06,201.9562124645604,27,7.479859720909644,True,262
ESO563-G021,PseudoIso,4.977852630238898,312.7900959126732,0.7205198651527713,310.03137633058697,27,11.482643567799517,True,242
ESO563-G021,Einasto_alpha0.18,95.93071714686886,246.91747292216735,0.877512646733317,603.461918083481,27,22.350441410499297,True,333
F561-1,GenFT,13.882892070006893,4.028919951539584e-06,0.9576059984652601,3.150953794090716,3,1.050317931363572,True,221
F561-1,NFW,5.06443844888293,94.35193886023097,3.3502136690356318e-06,1.1245224523637634,3,0.3748408174545878,True,326
F561-1,Burkert,2.2923983409223467,66.21142957693611,1.7649541477101133e-07,0.39583636361582475,3,0.13194545453860826,True,357
F561-1,PseudoIso,11.119987196846779,1.6893005946742612e-05,0.9576059932861158,3.150953794090843,3,1.0503179313636144,True,205
F561-1,Einasto_alpha0.18,6.6538346843573475,44.07411373843006,3.2726323158061113e-06,1.365867919634197,3,0.4552893065447323,True,311
F563-1,GenFT,0.6434887871520927,101.1339405983046,1.298543972680068,11.93835958407481,14,0.8527399702910579,True,259
F563-1,NFW,19.9227419356682,242.84369825655273,0.9408123051107744,16.018190104373534,14,1.144156436026681,True,283
F563-1,Burkert,3.918043319572754,159.33408713702732,1.1395732374458132e-06,7.9641218439323795,14,0.56886584599517,True,283
F563-1,PseudoIso,2.0173599994205267,116.74306507994126,1.2533261796647833e-05,8.227411396994714,14,0.5876722426424796,True,260
F563-1,Einasto_alpha0.18,31.977716384897853,110.44316419501777,0.006377975996078793,18.67340130507383,14,1.333814378933845,True,360
F563-V1,GenFT,9.046935413802405,2.6715410950409475e-06,0.9881570152574017,0.8605067602364773,3,0.2868355867454924,True,251
F563-V1,NFW,1.3168244027847094,15.679452734879497,0.9279012969571796,0.7725192442513641,3,0.2575064147504547,True,187
F563-V1,Burkert,4.069671946554428,9.193906860521185e-06,0.9881570343896321,0.8605067602365617,3,0.28683558674552057,True,177
F563-V1,PseudoIso,4.928959247395193,0.00017016647122202757,0.9881572655794639,0.8605067602730527,3,0.2868355867576842,True,176
F563-V1,Einasto_alpha0.18,0.873105086827614,6.693420529202488,0.939016621464639,0.7769769819021373,3,0.2589923273007124,True,231
F563-V2,GenFT,0.4873022629756727,82.85215394619786,1.8771295941611814,0.8159296954701676,7,0.1165613850671668,True,256
F563-V2,NFW,44943.60619924977,6997.368587999111,2.102343179256053,2.630691834892704,7,0.3758131192703863,True,931
F563-V2,Burkert,4.396412318217589,129.18941778448414,1.9166379255220147,0.7446000280950104,7,0.10637143258500148,True,203
F563-V2,PseudoIso,3.1138701182465844,105.17266553200724,1.9941613865428665,0.7545172319159879,7,0.10778817598799827,True,218
F563-V2,Einasto_alpha0.18,9.42877687998823,0.0002679739268562216,2.4695219865206774,4.433713859837322,7,0.6333876942624747,True,214
F565-V2,GenFT,0.5847612610505675,80.58012847786765,4.208863919231947e-05,0.27728947468967996,4,0.06932236867241999,True,272
F565-V2,NFW,237.74240305188067,606.4477558771475,1.3350370885402562e-05,1.8528948011434678,4,0.46322370028586696,True,405
F565-V2,Burkert,5.105390710376522,127.97587065557573,1.9211731041526254e-05,0.2241404584892821,4,0.056035114622320525,True,253
F565-V2,PseudoIso,3.1556719669826703,105.37338231795614,6.8503258629724195e-06,0.25410434680720106,4,0.06352608670180027,True,256
F565-V2,Einasto_alpha0.18,50.15803662406548,76.74556820170815,3.7607861365624654e-05,3.955914523310111,4,0.9889786308275278,True,347
F567-2,GenFT,0.33002804333533503,47.79784755861721,1.5113747894894184e-05,0.5767706659042168,2,0.2883853329521084,True,481
F567-2,NFW,74.04226065611205,99.9373541158428,1.2678622640994202,1.0906074789401015,2,0.5453037394700507,True,270
F567-2,Burkert,3.0561353283651824,61.02481169388939,0.8192549809235281,0.7826124062937412,2,0.3913062031468706,True,279
F567-2,PseudoIso,2.5351881993935166,38.25175199476786,1.1433280033286741,0.8949251087707228,2,0.4474625543853614,True,192
F567-2,Einasto_alpha0.18,8.538239774403667,5.878739196168905e-05,1.3839630425958112,1.1954942255494476,2,0.5977471127747238,True,210
F568-1,GenFT,0.45880518432735135,125.89884153917555,2.384217178939222e-05,1.032230014119298,9,0.11469222379103311,True,311
F568-1,NFW,98.59451442631621,531.5118073506007,1.3446745989449487,8.312049744737028,9,0.9235610827485586,True,517
F568-1,Burkert,3.796491106616844,194.54608647905314,5.313624309176474e-06,0.7022989132265219,9,0.07803321258072465,True,225
F568-1,PseudoIso,2.1872802829094704,153.24744070928097,3.73482705040004e-06,1.1396299040340028,9,0.12662554489266697,True,239
F568-1,Einasto_alpha0.18,13.168019317445774,3.577933123947537e-06,2.4186643718329885,17.05536749006056,9,1.8950408322289514,True,255
F568-3,GenFT,0.7075447646093145,105.90896437712746,6.516174736444298e-06,16.83145180686122,15,1.1220967871240815,True,308
F568-3,NFW,7.741400643304391,5.655106695577801e-07,1.5530355081721736,74.13788878517828,15,4.942525919011885,True,170
F568-3,Burkert,5.9566572611136985,164.96241289374166,8.083900344859062e-07,14.568600263471922,15,0.9712400175647947,True,225
F568-3,PseudoIso,3.6513002139326405,134.07396475533056,1.0165810702906206e-05,15.424160152663653,15,1.0282773435109103,True,218
F568-3,Einasto_alpha0.18,5.134570836063078,3.53083799776124e-05,1.5530353832250208,74.13788878521098,15,4.942525919014065,True,190
F568-V1,GenFT,1.0648800090101498,82.19036236344138,2.121594579705337,1.749166519651306,12,0.14576387663760884,True,209
F568-V1,NFW,31.7545675213413,229.70378097786187,1.9404847327086312,1.7944647731363186,12,0.1495387310946932,True,279
F568-V1,Burkert,2.9005461916053097,172.69684628122928,8.483125132001108e-06,0.6578434965994795,12,0.054820291383289955,True,278
F568-V1,PseudoIso,1.9689184139338565,105.38038258966439,1.6083275412085012,1.108050541668651,12,0.09233754513905425,True,220
F568-V1,Einasto_alpha0.18,46.64960071507517,91.18266508681961,1.8707264859870112,2.05521823943119,12,0.17126818661926582,True,350
F571-8,GenFT,0.7224924781297988,141.7868851079381,0.35976079388967724,2.493206723748072,10,0.2493206723748072,True,231
F571-8,NFW,30.77996698059293,401.73574197812184,2.010816004929659e-07,15.759673235531768,10,1.5759673235531768,True,397
F571-8,Burkert,6.095032391920558,221.244917764172,0.36355538767914086,2.7274763283310675,10,0.27274763283310677,True,178
F571-8,PseudoIso,3.483748902122954,176.1744349382131,0.3508212943977623,4.560838028434752,10,0.45608380284347516,True,194
F571-8,Einasto_alpha0.18,46.48280045107012,147.3270590806203,1.2704201157908526e-06,47.57103953750181,10,4.757103953750181,True,394
F571-V1,GenFT,0.6168490919628798,77.60230773593507,0.45870904380130517,0.14414407253217454,4,0.036036018133043635,True,264
F571-V1,NFW,28.092239609411997,209.16848600347674,0.7677986739246727,1.5919638675586585,4,0.3979909668896646,True,251
F571-V1,Burkert,4.793240111918841,121.18225211110303,9.216526973190213e-05,0.12092013459447715,4,0.030230033648619287,True,267
F571-V1,PseudoIso,3.174822853328037,94.00903028684397,0.7572891740519987,0.3475353474312794,4,0.08688383685781985,True,201
F571-V1,Einasto_alpha0.18,38.890173459860215,80.38354603265437,0.4500222403357371,2.0682387235210635,4,0.5170596808802659,True,310
F574-1,GenFT,0.4540541758461313,88.10486085887003,0.7425303289286819,2.1334185105996495,11,0.19394713732724086,True,346
F574-1,NFW,27.328394520518806,213.98630640513045,1.2023576267842497,18.082044569756725,11,1.6438222336142478,True,219
F574-1,Burkert,3.297705557328694,144.9747871190451,2.3641891890295206e-05,0.4951134216471224,11,0.04501031105882931,True,281
F574-1,PseudoIso,1.7196834412043454,110.00021359307578,3.361997714607357e-05,2.706109972294094,11,0.24600999748128125,True,293
F574-1,Einasto_alpha0.18,55.68588312172635,74.3052958357134,1.2810321835092306,24.595697520401988,11,2.235972501854726,True,413
F574-2,GenFT,0.6467122148095524,29.193529556109226,1.4728399912569889e-05,0.09305291208562277,2,0.04652645604281139,True,426
F574-2,NFW,113.36206229856737,141.34192748875142,0.18278614283938943,0.24826542306248223,2,0.12413271153124111,True,387
F574-2,Burkert,5.693851670300414,46.44052854780384,5.2977242213915365e-06,0.08899635594986641,2,0.044498177974933203,True,230
F574-2,PseudoIso,3.5827016313186233,38.41654506540499,8.947693425053052e-06,0.09918665860681457,2,0.049593329303407284,True,299
F574-2,Einasto_alpha0.18,9.832354599655172,1.800572547923802e-07,0.7488788232238155,0.3712591144088089,2,0.18562955720440444,True,178
F579-V1,GenFT,9.33483259561089,2.565722413136939e-05,1.6333481260799465,11.822769747103012,11,1.0747972497366374,True,227
F579-V1,NFW,3.9190070840074203,200.61002609381558,0.8487787959731616,2.220160519354371,11,0.20183277448676099,True,270
F579-V1,Burkert,0.9583346340859713,104.60545963460362,1.2960249739345042,1.6319443919363052,11,0.14835858108511865,True,205
F579-V1,PseudoIso,7.462707116843009,1.1952073605859414e-05,1.6333482132995072,11.822769747105884,11,1.0747972497368985,True,203
F579-V1,Einasto_alpha0.18,4.573060853871777,84.31885843271478,1.0277340473595729,3.029410969777605,11,0.27540099725250955,True,181
F583-1,GenFT,0.5357615822449238,80.75690553565454,1.380991537443859e-05,3.275864771111163,22,0.1489029441414165,True,291
F583-1,NFW,47.117095033870704,249.52025474532675,1.185531795970217,36.12909835812157,22,1.6422317435509803,True,251
F583-1,Burkert,4.349137850971241,123.19092364553043,1.4023994494997947e-05,3.9419872073715294,22,0.1791812366987059,True,242
F583-1,PseudoIso,2.6575520552350156,97.09476095455106,0.5823011024000624,8.1923806516359,22,0.37238093871072275,True,198
F583-1,Einasto_alpha0.18,53.794288704922664,81.0623348161624,0.9545182704286133,50.997147395166635,22,2.318052154325756,True,349
F583-4,GenFT,42.24380986193861,1485.538629519625,1.2108335275538402,1.0038812077362838,9,0.11154235641514264,True,354
F583-4,NFW,21339.31447386559,4148.501843444186,1.0234067910174636,1.1321655164940638,9,0.12579616849934042,True,2263
F583-4,Burkert,12996.668251350926,97938.2462841022,1.322409583269459,1.4669960582775934,9,0.1629995620308437,True,419
F583-4,PseudoIso,23659.35207042163,250009.63895266133,1.326797509594983,1.466066169101121,9,0.16289624101123568,True,506
F583-4,Einasto_alpha0.18,26.06573252404999,54.20149179102508,0.9001207553259243,4.188942827314259,9,0.46543809192380653,True,400
IC2574,GenFT,1.7971831497476667,94.67433880287317,0.7872461314713894,67.2849017229948,31,2.1704807007417677,True,277
IC2574,NFW,8.60266880632227,0.00023497554230398991,1.612325181658003,1397.7412226775316,31,45.08842653798489,True,180
IC2574,Burkert,18.651327094524515,167.88191537487674,0.8974704553103634,69.55784364395299,31,2.2438014078694515,True,257
IC2574,PseudoIso,12.54954374557246,146.016480942947,0.9352273157997459,72.78560339320647,31,2.3479226901034345,True,224
IC2574,Einasto_alpha0.18,5.886248935038137,6.000376634835729e-07,1.6123255800886218,1397.7412226654963,31,45.08842653759665,True,217
IC4202,GenFT,0.5818197324520302,253.57877972861394,2.585592018417162e-06,130.24557179741123,29,4.4912266137038355,True,419
IC4202,NFW,12.61655401259982,546.923947437837,4.0824668434417586e-09,553.3642837001416,29,19.081527024142815,True,258
IC4202,Burkert,4.29858882085134,374.9266489445698,7.388360388313197e-07,75.00264741644055,29,2.586298186773812,True,308
IC4202,PseudoIso,2.088107280102969,276.32768207982554,3.989750660192918e-06,232.27425261148588,29,8.009456986602961,True,281
IC4202,Einasto_alpha0.18,19.041459719467145,258.82816008386715,6.509249055194269e-06,723.6605289882624,29,24.953811344422842,True,313
KK98-251,GenFT,0.36777571577774126,39.73088657889622,3.1830950577682837e-07,4.18022307827181,12,0.3483519231893175,True,376
KK98-251,NFW,2.861048351488944,1.948916450061204e-05,2.055687360189655,20.13571275347668,12,1.6779760627897236,True,181
KK98-251,Burkert,3.0631101055813903,61.36540206616492,1.602929187143474e-05,3.7120433851506016,12,0.30933694876255013,True,221
KK98-251,PseudoIso,1.9576071076045802,51.65099265787809,7.365728558328963e-06,3.573891801202297,12,0.2978243167668581,True,241
KK98-251,Einasto_alpha0.18,1.4280122941924676,1.1143642736726063e-05,2.05568724085376,20.13571275348103,12,1.677976062790086,True,189
NGC0024,GenFT,1.5169663410745602,125.18369917189266,1.4333177829408075,8.575755096766168,26,0.3298367344910064,True,200
NGC0024,NFW,16430.34872236822,5043.845742375627,1.347767510147348,8.826943199033979,26,0.3394978153474607,True,1676
NGC0024,Burkert,1.3538251403365038,169.50328702785941,7.001912537454593e-06,16.871403699919004,26,0.648900142304577,True,235
NGC0024,PseudoIso,0.6467746578796587,103.78138680630994,0.8127949675461128,8.58443341778373,26,0.330170516068605,True,255
NGC0024,Einasto_alpha0.18,24.88092653348229,93.64106320874632,1.1906934809247631,14.978623852944157,26,0.5761009174209291,True,287
NGC0055,GenFT,0.6698497806120769,78.25746510965911,0.35355131674487295,2.6930507239454804,18,0.14961392910808224,True,269
NGC0055,NFW,49.30595916983782,273.9237694445295,5.213384399794663e-07,31.363905002141824,18,1.742439166785657,True,605
NGC0055,Burkert,5.700119368842943,122.55189593164927,0.35492216315593317,3.1846780105850088,18,0.1769265561436116,True,191
NGC0055,PseudoIso,3.172142298026337,98.97505962535574,7.46057310702737e-06,4.645433247869371,18,0.2580796248816317,True,283
NGC0055,Einasto_alpha0.18,73.51886244367549,82.28636882214377,1.5241053599244182e-05,53.604694635530706,18,2.978038590862817,True,558
NGC0100,GenFT,0.49489071687846736,81.79767251097039,0.603305613970114,1.9859302882873786,18,0.11032946046040992,True,277
NGC0100,NFW,13581.69371497045,4639.422225074343,0.7129497076248721,15.001515536771231,18,0.833417529820624,True,1638
NGC0100,Burkert,3.910718825625793,128.36352680718124,0.5187217074274888,1.4807314432833987,18,0.08226285796018881,True,190
NGC0100,PseudoIso,2.4132726950309475,103.52955531178759,0.563543341054503,1.4955805223810656,18,0.08308780679894809,True,197
NGC0100,Einasto_alpha0.18,27.511302957973307,87.62111739854232,0.036853167766085396,34.651137388864164,18,1.9250631882702314,True,287
NGC0247,GenFT,155.90750247355658,3084.7474925247566,1.399028648092513,37.527522193117626,23,1.6316313997007663,True,377
NGC0247,NFW,32.590639929360464,205.79378613366725,1.1426892038011405,37.9552422897953,23,1.650227925643274,True,303
NGC0247,Burkert,71718.76028513865,326823.32637493,1.5228705050602596,42.48784031205743,23,1.847297404872062,True,486
NGC0247,PseudoIso,1060504.1755570322,7226273.597318454,1.5173074492922534,42.71656846287999,23,1.8572421070817386,True,480
NGC0247,Einasto_alpha0.18,64.36080056205574,66.86097204954817,1.2217070985815397,46.44531148650655,23,2.0193613689785455,True,319
NGC0289,GenFT,2.3508632828302534,143.8822683898523,0.9258458662796335,47.20799293111144,25,1.8883197172444577,True,306
NGC0289,NFW,27.02081359293208,317.0095349402088,0.7935563076609087,47.90341475902288,25,1.916136590360915,True,195
NGC0289,Burkert,16.43753646207598,219.05755149523998,0.8946336463816047,49.936807660350894,25,1.9974723064140358,True,157
NGC0289,PseudoIso,3.875084171326965,156.63452305254953,0.7776896251971213,50.095113752557914,25,2.0038045501023167,True,191
NGC0289,Einasto_alpha0.18,27.47585131287923,148.58687704544275,0.7525465631925976,48.050818136779206,25,1.9220327254711682,True,202
NGC0300,GenFT,0.7198645297766708,86.09665082713352,1.0649894371386086,10.200523939949377,22,0.46366017908860807,True,295
NGC0300,NFW,23.25501504324756,239.96536150458775,0.7584775044726694,14.8548845722344,22,0.6752220260106546,True,343
NGC0300,Burkert,6.122975902325445,135.84108968687656,1.0596137104108032,9.941384270083407,22,0.4518811031856094,True,206
NGC0300,PseudoIso,3.204934020090676,107.74922710874903,0.9959024168209412,9.24948232317039,22,0.4204310146895632,True,188
NGC0300,Einasto_alpha0.18,27.196001991005758,93.75923922569581,0.47145168329025156,19.904302219073987,22,0.9047410099579085,True,690
NGC0801,GenFT,4.489734080827025,169.23206187457552,0.8132165625095602,56.524249457577085,10,5.6524249457577085,True,251
NGC0801,NFW,351.5345438408392,626.2833121034662,0.7967497641776976,54.069577075796175,10,5.406957707579617,True,301
NGC0801,Burkert,39.31888481058617,269.0423623019291,0.81351095098692,56.752645572614014,10,5.675264557261402,True,201
NGC0801,PseudoIso,23.45463513877115,219.34758493245874,0.8121444524353714,56.502217103652086,10,5.650221710365209,True,198
NGC0801,Einasto_alpha0.18,184.8297396944701,162.35307331163534,0.7723351325110658,59.42403110099882,10,5.942403110099882,True,318
NGC0891,GenFT,0.6392691079553159,175.95828669983698,0.5567628149703043,45.961063953540986,15,3.0640709302360656,True,325
NGC0891,NFW,2.6929918719488533,489.24202665424696,2.6350918921821123e-06,47.45612678279442,15,3.163741785519628,True,363
NGC0891,Burkert,4.938100074673631,270.2211701008331,0.5532330553324041,54.15945570953697,15,3.610630380635798,True,210
NGC0891,PseudoIso,2.6378584451035376,204.48803319609308,0.5672888590705963,71.58752620942433,15,4.772501747294955,True,235
NGC0891,Einasto_alpha0.18,2.6467151252602914,226.67226280498127,1.1855941286450657e-05,37.50141215880568,15,2.5000941439203785,True,374
NGC1003,GenFT,1.6573489563169908,103.59707463947628,1.010419705526966,95.30231960371478,33,2.887949078900448,True,225
NGC1003,NFW,42.33056744219925,255.93694120353194,0.8385746201638062,76.19061040358545,33,2.308806375866226,True,221
NGC1003,Burkert,13.751116015982221,161.7021063883803,0.9980464323960512,92.44028570103879,33,2.8012207788193573,True,150
NGC1003,PseudoIso,6.994637800412077,125.42585543293397,0.950191837917507,81.11264208410333,33,2.457958851033434,True,185
NGC1003,Einasto_alpha0.18,69.37638424107496,106.30718634952197,0.7917990466120168,76.91607200136073,33,2.330790060647295,True,258
NGC1090,GenFT,1.4531425907592332,124.68634727546231,0.80602164746942,51.45264661429664,21,2.450126029252221,True,306
NGC1090,NFW,16.812435381622464,293.12025759557184,0.6690483198637263,52.47029983883269,21,2.49858570661108,True,183
NGC1090,Burkert,3.712513333885669,251.09030831192177,0.19927031455959424,17.938634702090678,21,0.8542207000995561,True,315
NGC1090,PseudoIso,2.667054550782984,145.64580430983546,0.6768064701673762,30.34510034332521,21,1.4450047782535815,True,213
NGC1090,Einasto_alpha0.18,31.909890884806053,134.3581226943129,0.7121491758646052,65.30340356585756,21,3.1096858840884556,True,283
NGC1705,GenFT,0.2330817632365503,62.80262629889718,1.3994280665568526,1.229564445442571,11,0.11177858594932463,True,308
NGC1705,NFW,2.881102698967506,141.68088405448253,1.1314550629142373,0.7819168056335141,11,0.0710833459666831,True,191
NGC1705,Burkert,1.7715493473260708,96.76663648903767,1.363625592127471,0.8927856459848804,11,0.08116233145317095,True,186
NGC1705,PseudoIso,0.8296672548178275,73.83098083219701,1.3252230881710096,0.9411686218711018,11,0.0855607838064638,True,203
NGC1705,Einasto_alpha0.18,2.3119495339915828,66.74437689517819,0.9253846429927175,0.6281417951545647,11,0.05710379955950588,True,185
NGC2366,GenFT,0.23669457386764373,45.305215018352044,1.1843533411115101e-05,7.535448771489252,23,0.3276282074560544,True,319
NGC2366,NFW,17.39824999851082,150.68862635060566,1.545533813542827e-07,66.64163567808983,23,2.897462420786514,True,291
NGC2366,Burkert,2.010941393488161,70.88424068071805,2.2103519853497233e-05,10.78694245660782,23,0.4689974981133835,True,240
NGC2366,PseudoIso,1.1916715547011023,56.88529663362564,1.6420211687391034e-06,17.682780891610204,23,0.7688165605047914,True,254
NGC2366,Einasto_alpha0.18,21.453600164654787,48.76582095425414,2.7608996626164195e-05,105.06036264439263,23,4.567841854104027,True,341
NGC2403,GenFT,0.7399167520455177,111.22309182931892,0.9033738329425589,998.6646890563262,70,14.266638415090375,True,226
NGC2403,NFW,7.147312337827916,254.6965220447662,0.5367078004191089,639.6633957421743,70,9.13804851060249,True,219
NGC2403,Burkert,5.839472573625384,172.2573651619875,0.8864937060381748,800.3833066517335,70,11.434047237881908,True,159
NGC2403,PseudoIso,3.029054675819957,134.36707377557644,0.8703786500510815,748.7511499721713,70,10.696444999602448,True,166
NGC2403,Einasto_alpha0.18,10.758857944413307,122.02416921456545,0.5531993189529032,789.6383636631165,70,11.280548052330236,True,280
NGC2683,GenFT,0.9130759713478466,132.9126452150988,0.8156719066819913,8.123130709140312,8,1.015391338642539,True,279
NGC2683,NFW,4.7892850640992055,326.7847156967383,0.6481606136486766,6.996639976229713,8,0.8745799970287141,True,233
NGC2683,Burkert,2.312432706126507,264.93258123450937,0.5240233149914049,6.145232241786375,8,0.7681540302232969,True,309
NGC2683,PseudoIso,2.1492707561794235,139.89253881697934,0.7985458902271815,9.159134313347622,8,1.1448917891684527,True,218
NGC2683,Einasto_alpha0.18,4.65600257996888,152.02749330383702,0.6418725309061908,7.744318192868634,8,0.9680397741085792,True,285
NGC2841,GenFT,2.817091977186033,235.62457298949312,1.0849325211449976,110.45985103214055,47,2.350209596428522,True,226
NGC2841,NFW,47.54703894533205,540.3858145058844,1.010423944713546,66.12594310743604,47,1.4069349597326817,True,262
NGC2841,Burkert,20.883944996076597,361.7291610735041,1.071026965829612,85.54404998632317,47,1.8200861699217696,True,168
NGC2841,PseudoIso,9.080096263103957,272.83769142336905,1.0463795130531515,63.08501305954919,47,1.3422343204159402,True,187
NGC2841,Einasto_alpha0.18,60.760177604403076,247.86903642534702,0.9886572908252134,62.61719607487795,47,1.3322807675505948,True,259
NGC2903,GenFT,0.7629481510297469,158.8930069316561,0.6642938086660726,256.28449383060644,31,8.267241736471176,True,261
NGC2903,NFW,4.79156049910889,375.4434163698394,0.47220220883298925,184.5751469634075,31,5.954036998819596,True,214
NGC2903,Burkert,4.22309396336795,246.53690024492272,0.6009644483283889,209.1139655070305,31,6.745611790549371,True,214
NGC2903,PseudoIso,0.9432418141747998,176.63606690727858,0.5473015596293471,193.23320358004622,31,6.233329147743427,True,210
NGC2903,Einasto_alpha0.18,5.476505619877331,173.08511327945064,0.48355839566937653,220.70713316842028,31,7.119584940916783,True,235
NGC2915,GenFT,0.2706405153026764,84.70391424825894,0.08305931087835308,15.003651519981187,27,0.5556907970363403,True,216
NGC2915,NFW,4.310290993104191,176.25294317527357,7.782051645864945e-06,16.966433944464974,27,0.6283864423875917,True,230
NGC2915,Burkert,1.8029703219406903,125.04502785671451,1.8934300955490792e-05,8.292507259069914,27,0.3071298984840709,True,231
NGC2915,PseudoIso,0.756230196379525,88.6222070395836,9.074620112262597e-06,12.347468163091206,27,0.4573136356700446,True,238
NGC2915,Einasto_alpha0.18,5.813814218304808,82.85760770963199,6.84757883523153e-06,20.545842804577592,27,0.7609571409102812,True,236
NGC2955,GenFT,3.0299727568443036,182.85491809695975,0.8132694750692675,129.4201941412171,21,6.162866387677005,True,249
NGC2955,NFW,3.523827433335077,567.8273161284199,2.3860179541885015e-06,50.31858178180633,21,2.3961229419907775,True,354
NGC2955,Burkert,27.22035977825722,294.6272147539114,0.8141919402042523,128.68322463344055,21,6.127772601592407,True,225
NGC2955,PseudoIso,18.62816940380079,256.15845816978845,0.8152479739603353,128.32546126111515,21,6.110736250529293,True,208
NGC2955,Einasto_alpha0.18,4.268041471826471,259.2499653399668,0.14835592142735057,44.8107956539679,21,2.1338474120937097,True,339
NGC2976,GenFT,0.4250525089512486,113.34123467846383,0.6676984378538062,8.137127440576773,24,0.3390469766906989,True,327
NGC2976,NFW,1.8690768472307844,6.978264435924771e-05,0.9649106389614472,20.133424735404077,24,0.8388926973085032,True,190
NGC2976,Burkert,3.0647247385334295,160.3049109428864,0.650396525619185,7.470668661071544,24,0.311277860877981,True,285
NGC2976,PseudoIso,1.8378610413130003,129.91911803124583,0.6427627924761996,7.20683163138362,24,0.30028465130765086,True,215
NGC2976,Einasto_alpha0.18,1.8621555414345772,0.00010834796467952369,0.9649106287654001,20.133424735783773,24,0.8388926973243239,True,194
NGC2998,GenFT,2.529197280760333,157.17485818162578,0.9264236852458538,27.149129355114468,10,2.714912935511447,True,243
NGC2998,NFW,6.613602142900266,458.8598238314253,2.161208460386192e-06,11.426081771516087,10,1.1426081771516086,True,303
NGC2998,Burkert,22.92533131077399,250.4563494226545,0.9335340644217225,28.113792597239833,10,2.8113792597239833,True,181
NGC2998,PseudoIso,14.408537833779219,205.89249483603618,0.9401509338702194,29.96322677206006,10,2.996322677206006,True,172
NGC2998,Einasto_alpha0.18,7.118029126921968,210.4678904653003,2.9742395148285865e-05,6.518881021620448,10,0.6518881021620448,True,309
NGC3109,GenFT,0.5166671377344256,70.3614069730708,2.193721199532439e-05,3.596049108488569,22,0.16345677765857133,True,350
NGC3109,NFW,39296.58623393443,6692.792118576008,0.0005286527824572241,186.6144704020497,22,8.482475927365895,True,889
NGC3109,Burkert,4.307730862405075,109.57977828497542,9.127386176349645e-05,3.9489145203439997,22,0.1794961145610909,True,233
NGC3109,PseudoIso,2.7888887113047636,91.60780591334645,0.5352648534562232,4.587457979834961,22,0.2085208172652255,True,201
NGC3109,Einasto_alpha0.18,30.988533662057264,45.66924244493636,1.4875244624755823,513.484658242844,22,23.340211738311094,True,356
NGC3198,GenFT,1.5039264812332402,127.26148014048155,0.9025865095440431,92.39684726774995,40,2.3099211816937486,True,193
NGC3198,NFW,14.551937121334046,288.38170801652007,0.6719778462896087,55.49106219653171,40,1.3872765549132926,True,246
NGC3198,Burkert,9.56621014549681,194.97893183945808,0.8447473774362065,56.095742436166816,40,1.4023935609041704,True,198
NGC3198,PseudoIso,2.7771341928203426,142.35262866713398,0.7188089475380903,49.66734424628579,40,1.2416836061571448,True,237
NGC3198,Einasto_alpha0.18,19.280974897474202,135.0199988052267,0.6753485337016942,90.26387385504557,40,2.2565968463761394,True,261
NGC3521,GenFT,1.581105548690923,192.1103952744482,0.7592729568071643,7.049196566444682,38,0.18550517280117584,True,320
NGC3521,NFW,27810.194178049947,9844.800498942937,0.7382552868911534,8.591083297714933,38,0.22608113941355087,True,2105
NGC3521,Burkert,14.089516993814355,307.67484366513065,0.7607844750967802,6.832179597318226,38,0.179794199929427,True,244
NGC3521,PseudoIso,9.333782035280421,262.8950141277098,0.7620155483561456,6.778473580407969,38,0.17838088369494653,True,226
NGC3521,Einasto_alpha0.18,2.2590946884547165,218.54246231304302,1.214856602503074e-05,4.247033996609293,38,0.11176405254234982,True,414
NGC3726,GenFT,5.156782413918645,218.079003381167,0.8003434104436671,17.379711163817028,9,1.931079018201892,True,281
NGC3726,NFW,152178.12357307388,13875.728613783485,0.7418290322555781,18.815604019906164,9,2.0906226688784626,True,1869
NGC3726,Burkert,44.3885831203643,342.15555290310067,0.8041076774168884,17.442303343622974,9,1.938033704846997,True,222
NGC3726,PseudoIso,28.052008610310555,284.70168732415226,0.8059349423716236,17.573758379228817,9,1.952639819914313,True,273
NGC3726,Einasto_alpha0.18,160.00814199437636,139.56999398327622,0.6898114372045396,22.276008457306897,9,2.4751120508118776,True,294
NGC3741,GenFT,0.37831787173327114,48.54233851170149,1.2316760987445565,7.871746561517448,18,0.437319253417636,True,202
NGC3741,NFW,23.898079851475664,158.45319643156566,0.6634651015679428,6.504058984366383,18,0.3613366102425768,True,346
NGC3741,Burkert,3.2476041122473287,76.40205082766877,1.2440200840764544,8.06465049413374,18,0.4480361385629856,True,172
NGC3741,PseudoIso,1.9196092999943484,61.614297077553005,1.2256604010951284,7.823482379272956,18,0.4346379099596087,True,196
NGC3741,Einasto_alpha0.18,32.70760187958474,49.28834967593466,0.012595280174856189,11.057203132380474,18,0.6142890629100264,True,371
NGC3769,GenFT,0.9880419281739594,111.40624896890675,0.7171753393916449,10.49344594266871,9,1.1659384380743012,True,248
NGC3769,NFW,6.9599628392964545,244.0289793318737,0.38096066513312277,4.261983883550182,9,0.47355376483890915,True,212
NGC3769,Burkert,5.393039057928089,164.797460772207,0.6214578910441888,5.081682222993994,9,0.5646313581104437,True,189
NGC3769,PseudoIso,1.3127148031511053,117.62195878519708,0.48965773497347004,5.040895567608258,9,0.5600995075120286,True,193
NGC3769,Einasto_alpha0.18,6.576390099153738,115.60139033368681,0.2539719591892946,4.442989556427444,9,0.49366550626971606,True,299
NGC3877,GenFT,13.627289565364414,0.00011501590639882861,0.8736228118104523,90.72275873210779,10,9.07227587321078,True,259
NGC3877,NFW,10.224269627129807,394.01518357071734,1.5318228097745158e-06,36.0385204490284,10,3.6038520449028395,True,289
NGC3877,Burkert,3.150340574864547,257.66221745335025,3.7773723724284934e-06,5.344566176366271,10,0.5344566176366271,True,326
NGC3877,PseudoIso,8.243840656619874,9.845888842230664e-05,0.8736228185021144,90.72275873211052,10,9.072275873211051,True,232
NGC3877,Einasto_alpha0.18,17.351000418148118,176.93454460619373,2.7142461703376105e-05,44.914671964071516,10,4.491467196407152,True,478
NGC3893,GenFT,0.6007782681846856,148.64170832334725,0.6778604784300203,2.4080157298978406,7,0.34400224712826294,True,270
NGC3893,NFW,5.294452823852421,357.93555547640307,0.4514051096263685,3.722381153140508,7,0.5317687361629297,True,203
NGC3893,Burkert,3.6986283624510383,231.35230399508595,0.6224937794578896,1.3830351991161591,7,0.19757645701659415,True,207
NGC3893,PseudoIso,1.8148373525225807,170.18733474139285,0.6356526697007723,3.3100208570880856,7,0.4728601224411551,True,262
NGC3893,Einasto_alpha0.18,6.951492015693998,165.7261224776939,0.47382910427577596,5.868083711412619,7,0.8382976730589455,True,235
NGC3917,GenFT,0.5328111564942606,135.2135163209781,2.5964592469356166e-05,12.16044987701164,14,0.8686035626436885,True,470
NGC3917,NFW,55532.47245258519,7932.408430877277,1.0410467855476422,39.0959323941139,14,2.7925665995795645,True,1448
NGC3917,Burkert,4.445408345482091,197.052473438741,0.4167075248069488,14.442590565989908,14,1.031613611856422,True,232
NGC3917,PseudoIso,2.7924290970946952,135.34714033096935,0.7471764586637843,19.647193874702896,14,1.4033709910502068,True,251
NGC3917,Einasto_alpha0.18,10.719896621358455,1.998574130070789e-05,1.2484456637727535,79.95519054497343,14,5.711085038926674,True,201
NGC3949,GenFT,28.588805740979822,2641.1745814355463,0.7051386238115342,1.4650651145624682,4,0.36626627864061706,True,421
NGC3949,NFW,5.106864185709357,324.6001689204245,0.36295011461865634,0.578918810939134,4,0.1447297027347835,True,270
NGC3949,Burkert,19300.860166019378,382213.0487688974,0.7302292090956648,1.5945617817909912,4,0.3986404454477478,True,482
NGC3949,PseudoIso,23953.497056881963,668231.824687169,0.7307184003872018,1.5940941894497316,4,0.3985235473624329,True,570
NGC3949,Einasto_alpha0.18,9.354572711172644,145.2258020085451,0.4194436559788643,0.6042309577907644,4,0.1510577394476911,True,253
NGC3953,GenFT,82.64975078241162,1870.30568374681,0.9001553743391473,3.52371724884876,5,0.704743449769752,True,409
NGC3953,NFW,6.690048404750128,368.25785241781557,0.5929200766847491,1.3556205587072419,5,0.27112411174144835,True,296
NGC3953,Burkert,43511.60113514833,208124.51188354765,0.906683536350182,3.5868954381991305,5,0.717379087639826,True,484
NGC3953,PseudoIso,47449.93367360933,325627.92012538714,0.9062291807181018,3.585993148589661,5,0.7171986297179321,True,510
NGC3953,Einasto_alpha0.18,8.562276194809433,157.7931893609029,0.6600993646833015,1.8134321805873277,5,0.36268643611746554,True,340
NGC3972,GenFT,0.40932266290075536,124.13283523479686,0.2749219929028056,5.2773276686325055,7,0.7539039526617864,True,393
NGC3972,NFW,27.115034816178287,386.209652089876,0.4131505187248106,8.323057634262597,7,1.1890082334660852,True,279
NGC3972,Burkert,3.2435481523042657,195.98282502963178,4.371524854586449e-05,3.4586273333793507,7,0.49408961905419296,True,246
NGC3972,PseudoIso,1.7957394442341803,153.80107217111748,4.086912461516448e-06,1.2279766284105702,7,0.17542523263008145,True,318
NGC3972,Einasto_alpha0.18,51.84620049115638,125.41641443213223,0.43340299411081207,14.476122114003037,7,2.0680174448575768,True,451
NGC3992,GenFT,5.190080106298812,214.02790723461317,1.0551071476907672,6.350683412516109,6,1.0584472354193515,True,240
NGC3992,NFW,10.86080582611481,458.94359766771925,0.6822611170774372,2.8702855232715203,6,0.4783809205452534,True,170
NGC3992,Burkert,47.343408821533195,346.2600313247443,1.0584059602071159,6.349613252083937,6,1.0582688753473228,True,199
NGC3992,PseudoIso,32.06434643822216,300.00605220524716,1.0611689412293464,6.364825958885136,6,1.060804326480856,True,213
NGC3992,Einasto_alpha0.18,12.893336966562522,206.1872216496822,0.7262163092483958,2.7680015410338723,6,0.46133359017231207,True,249
NGC4010,GenFT,0.5051789824704893,121.19082755195095,9.582154374619883e-06,9.308006830920089,9,1.0342229812133432,True,392
NGC4010,NFW,25.75026412485167,352.73294983123054,0.000999277007386326,22.434179651468256,9,2.4926866279409174,True,423
NGC4010,Burkert,4.274278496215885,189.231805247943,3.060591879473331e-06,11.771890711459992,9,1.307987856828888,True,297
NGC4010,PseudoIso,2.922473935529715,146.6301820728116,0.44059380099371226,14.555376621417459,9,1.6172640690463842,True,218
NGC4010,Einasto_alpha0.18,52.00114643877407,120.41216167107366,0.31149549265428744,27.576520983254166,9,3.0640578870282407,True,429
NGC4013,GenFT,2.6755556355779433,171.3986694114176,0.8179346412070265,26.082396984268197,33,0.7903756661899454,True,271
NGC4013,NFW,291.8483639421346,733.6220142621764,0.7835654659210743,25.35643568387258,33,0.7683768389052297,True,387
NGC4013,Burkert,23.98839203239968,275.0547657423107,0.8205279160366155,26.260033981312514,33,0.7957586054943186,True,204
NGC4013,PseudoIso,15.147157088889806,229.73512688228783,0.8204280848158372,26.323434020944063,33,0.7976798188164868,True,215
NGC4013,Einasto_alpha0.18,332.7945917256666,157.31024762591068,0.758427259592547,25.7096771608857,33,0.7790811260874455,True,346
NGC4051,GenFT,1686.262145131987,16034.673234873535,0.6823252250547807,5.576693999194854,4,1.3941734997987134,True,463
NGC4051,NFW,6.86976700013723,237.921623404792,0.6016715240432395,3.2190257258033346,4,0.8047564314508336,True,199
NGC4051,Burkert,3.0283624086035195,164.2982076421921,0.606372932706738,2.2195642553830077,4,0.5548910638457519,True,279
NGC4051,PseudoIso,1.3591809014218992,119.23869671890104,0.6164009523668017,3.2065239260253207,4,0.8016309815063302,True,332
NGC4051,Einasto_alpha0.18,9.323164730251808,109.46703879950294,0.6099034086732895,3.587325407248256,4,0.896831351812064,True,272
NGC4068,GenFT,0.3204132418411818,49.929085451076176,5.277840027987324e-06,0.39921367476097236,3,0.1330712249203241,True,342
NGC4068,NFW,1.2947439766792765,7.709321531879218e-05,1.1867569548753156,13.590871442153993,3,4.530290480717998,True,187
NGC4068,Burkert,2.599369254255894,75.47751212129148,7.848250400772874e-07,0.3203213639219615,3,0.10677378797398716,True,265
NGC4068,PseudoIso,1.6401520618556478,62.91174492127848,5.976750253435182e-06,0.27620159375164083,3,0.09206719791721361,True,274
NGC4068,Einasto_alpha0.18,1.9697155596423759,8.148238004378189e-05,1.1867571576936822,13.590871442203621,3,4.53029048073454,True,168
NGC4085,GenFT,0.3099518016329216,133.99012755711772,3.1062546996901416e-06,3.0738631055223875,4,0.7684657763805969,True,481
NGC4085,NFW,27.625868158601648,468.00827434587757,0.24194538867326967,16.04567393386642,4,4.011418483466605,True,333
NGC4085,Burkert,2.6810195155930363,211.2365198519524,1.6618313770954984e-06,3.399552863934136,4,0.849888215983534,True,289
NGC4085,PseudoIso,1.6224471498256672,171.28357826992533,1.1072450461613101e-06,5.029458080326839,4,1.2573645200817098,True,319
NGC4085,Einasto_alpha0.18,26.03948369097195,137.72358106627178,2.899043971516393e-05,21.49653355734184,4,5.37413338933546,True,657
NGC4088,GenFT,5.549593620966252,274.09363244559574,0.6618818540352502,4.374375856395951,9,0.48604176182177233,True,346
NGC4088,NFW,89033.34408679558,11985.073109191904,0.6194019288599613,4.062285763278938,9,0.4513650848087709,True,2426
NGC4088,Burkert,43.68758978331566,403.0629986420823,0.6638374410787239,4.42466830581412,9,0.4916298117571245,True,274
NGC4088,PseudoIso,27.13784603991443,330.82916014399086,0.6652263020197717,4.465001347512214,9,0.4961112608346904,True,235
NGC4088,Einasto_alpha0.18,69.26589063691665,132.94387703777403,0.5731061621918272,4.64361734480993,9,0.5159574827566589,True,237
NGC4100,GenFT,0.44135287004059087,186.9246109631561,0.279906257127849,6.689817728751362,21,0.3185627489881601,True,391
NGC4100,NFW,7.216692190692296,308.11984434995577,0.712040313075476,18.866999075022434,21,0.8984285273820207,True,211
NGC4100,Burkert,3.2627251233329124,236.75312184784843,0.614674235507536,11.185622644450534,21,0.5326486973547874,True,242
NGC4100,PseudoIso,1.571418737393942,148.2798348349663,0.7703221562996925,22.922085522126604,21,1.0915278820060288,True,210
NGC4100,Einasto_alpha0.18,9.128950013028302,141.25479822222962,0.7350979729399347,22.102894670646712,21,1.0525187938403195,True,221
NGC4138,GenFT,0.3075530519048081,151.458589809774,0.6080723307250904,0.47130776578090944,4,0.11782694144522736,True,313
NGC4138,NFW,2.1781587456036475,319.17236136281167,0.591115429961421,3.8369445933574684,4,0.9592361483393671,True,245
NGC4138,Burkert,1.7335357381778458,223.13320804649874,0.611641358939318,2.7469823522972847,4,0.6867455880743212,True,259
NGC4138,PseudoIso,1.2849509927590823,127.07377662403412,0.7977319192971164,5.01188636344305,4,1.2529715908607626,True,202
NGC4138,Einasto_alpha0.18,1.5554876891401623,162.45834194676337,0.49588812343710453,4.040086485557785,4,1.0100216213894462,True,316
NGC4157,GenFT,2.2493753906082015,165.16554648275087,0.7294203485329087,4.259681001434969,14,0.30426292867392635,True,296
NGC4157,NFW,133.79718359904544,550.8053904599738,0.6948618856719462,4.682275963088193,14,0.33444828307772806,True,321
NGC4157,Burkert,20.098626490445035,264.492068679694,0.7313155729795272,4.286006390182137,14,0.30614331358443836,True,174
NGC4157,PseudoIso,12.374738617806333,218.49846923772571,0.7298984021036796,4.285224517281473,14,0.30608746552010524,True,235
NGC4157,Einasto_alpha0.18,103.69240098398333,158.22562159914207,0.6642372663230651,5.6632603291414965,14,0.4045185949386783,True,342
NGC4183,GenFT,69.96645918636686,1653.3544598509156,1.292510774689355,4.596832075997009,20,0.22984160379985044,True,374
NGC4183,NFW,9.127624550356575,199.92872689782752,0.7771965793027729,3.4599364327828575,20,0.17299682163914287,True,226
NGC4183,Burkert,36344.2800729808,183155.21701856563,1.3287129121429018,4.869877431566012,20,0.2434938715783006,True,501
NGC4183,PseudoIso,34689.95012765206,247236.50085101393,1.3286464900254016,4.870182669466433,20,0.24350913347332165,True,505
NGC4183,Einasto_alpha0.18,17.35100037829315,91.02568310193494,0.9046094381038468,3.6092730531673047,20,0.18046365265836523,True,255
NGC4214,GenFT,0.34886669001650006,75.29091107210081,1.1152497515821946,8.912336873825819,11,0.8102124430750745,True,232
NGC4214,NFW,1.4979442265234324,168.43705026176616,2.723513725345864e-06,6.097732100220902,11,0.5543392818382639,True,351
NGC4214,Burkert,3.2003580834293515,121.34224900172327,1.1252402769327376,8.9324217619409,11,0.8120383419946272,True,169
NGC4214,PseudoIso,2.1127569750406368,102.52860030581714,1.1341194389456852,9.114062210117067,11,0.8285511100106425,True,169
NGC4214,Einasto_alpha0.18,1.8426128463400728,78.4938140932011,4.550233341474007e-06,3.6348311735777727,11,0.33043919759797935,True,241
NGC4217,GenFT,0.4607040288822768,180.4238338940144,0.2859965910538556,10.282287059957842,16,0.6426429412473651,True,291
NGC4217,NFW,9.791834241819675,389.0528268468074,0.31400257032083034,56.00322821957639,16,3.5002017637235245,True,229
NGC4217,Burkert,2.773532608914085,283.27959311130894,9.201913651857535e-06,9.660211275499629,16,0.6037632047187268,True,303
NGC4217,PseudoIso,1.972244080101699,196.82374960611293,0.36410992480253324,29.843384716744705,16,1.865211544796544,True,252
NGC4217,Einasto_alpha0.18,17.351000466676865,181.30593529813302,0.344774233169182,69.53337802981427,16,4.345836126863392,True,259
NGC4389,GenFT,0.7281581847577514,142.14993759175155,0.1431739939641979,0.447264698858648,3,0.14908823295288268,True,298
NGC4389,NFW,47704.422907548156,13216.019257307653,4.566542591037601e-05,7.069984300682143,3,2.3566614335607143,True,1404
NGC4389,Burkert,6.618661036624591,227.13103896068276,0.1856294774179968,0.4978831499803572,3,0.1659610499934524,True,730
NGC4389,PseudoIso,4.243581869420832,189.89200055769348,0.1988661611858074,0.5327825290699459,3,0.17759417635664865,True,296
NGC4389,Einasto_alpha0.18,6.91096532803434,1.4725642738087842e-05,0.5583706370006865,33.8516724426046,3,11.283890814201534,True,211
NGC4559,GenFT,0.9492175772208904,99.37609217082331,0.7458376986562667,4.961384189419971,29,0.17108221342827487,True,208
NGC4559,NFW,8.033473223449139,238.4620420060482,0.34632526186992907,5.695420321217965,29,0.19639380417992983,True,179
NGC4559,Burkert,8.00057650190276,155.42855472070312,0.746130129603259,6.801757772557464,29,0.23454337146749873,True,167
NGC4559,PseudoIso,1.414004402005427,117.21893608343477,0.420374755818992,7.862465584115419,29,0.2711195029005317,True,375
NGC4559,Einasto_alpha0.18,13.344481906212323,110.69359611204644,0.45748516745503354,9.005028189357674,29,0.3105182134261267,True,226
NGC5005,GenFT,0.8675579987377706,172.38337148560146,0.7282087481579578,0.9058971207318978,15,0.060393141382126515,True,350
NGC5005,NFW,40.90766517716581,548.3740523777759,0.699409083844668,0.8199209222650212,15,0.05466139481766808,True,376
NGC5005,Burkert,7.417335318510572,271.36802778798346,0.7283888764706248,0.9066616109340571,15,0.060444107395603804,True,227
NGC5005,PseudoIso,4.237574715371607,218.6845932712304,0.7257186762151837,0.8778386012645173,15,0.058522573417634484,True,256
NGC5005,Einasto_alpha0.18,35.32849442141848,179.33362955132714,0.673464132809249,0.805106985068242,15,0.053673799004549466,True,378
NGC5033,GenFT,1.13938166345658,182.09732356569626,0.7429113224266044,41.64817835486332,19,2.1920093870980693,True,301
NGC5033,NFW,7.702608787605023,415.8871783265911,0.5505648445492088,50.70902778173888,19,2.6688961990388886,True,220
NGC5033,Burkert,6.4572574333847115,279.8152037801848,0.6789324553385978,39.561153072620144,19,2.0821659511905337,True,181
NGC5033,PseudoIso,1.4698807689150455,187.6890013455323,0.6952113779561011,127.11316406212312,19,6.690166529585428,True,202
NGC5033,Einasto_alpha0.18,6.359278446637539,200.21774890042053,0.4667231000994644,52.19632352897119,19,2.747174922577431,True,231
NGC5055,GenFT,1.5352830067737544,157.73947202470953,0.6719795270010482,110.48576911260143,25,4.419430764504058,True,309
NGC5055,NFW,12.32141337279145,351.46730355673844,0.5460100387187228,63.94997226359367,25,2.5579988905437467,True,192
NGC5055,Burkert,10.581836750390881,235.55849344371003,0.6577715365402397,51.543045476706205,25,2.0617218190682483,True,186
NGC5055,PseudoIso,3.2940299023023765,168.22582948708623,0.6161744111366295,191.578281501227,25,7.66313126004908,True,233
NGC5055,Einasto_alpha0.18,8.88725434053324,172.5988661697765,0.4560055328878718,63.64395617472073,25,2.545758246988829,True,268
NGC5371,GenFT,66.81158549838878,1164.431192622038,0.8110704285476524,141.6133550255948,16,8.850834689099676,True,327
NGC5371,NFW,5.7852369383753555,417.6666650329431,0.4719975455454859,67.99980245951524,16,4.249987653719702,True,250
NGC5371,Burkert,141669.99400396302,478390.8176023681,0.8152441746059202,136.41575188252645,16,8.525984492657903,True,461
NGC5371,PseudoIso,195384.60829549903,936777.2611591637,0.8149249172160051,136.40852673990827,16,8.525532921244267,True,448
NGC5371,Einasto_alpha0.18,5.967879346815019,192.5357666559376,0.47170768403941665,51.90323129950788,16,3.2439519562192425,True,319
NGC5585,GenFT,0.5959590551860374,82.25597632349988,0.7697920071400871,94.7052766489719,21,4.5097750785224715,True,246
NGC5585,NFW,13.299268410880106,205.95835208810547,0.35026257704917746,122.53888577606422,21,5.835185036955439,True,296
NGC5585,Burkert,5.3213424989354285,130.62002876078006,0.781669738885644,94.70595310122874,21,4.509807290534702,True,179
NGC5585,PseudoIso,3.3913566843611465,107.74370555764273,0.790107040432062,98.45352245491739,21,4.688262974043686,True,142
NGC5585,Einasto_alpha0.18,22.48749953520717,88.80276838642993,5.234658714425709e-06,140.05797842179203,21,6.669427543894859,True,563
NGC5907,GenFT,5.089000064628115,194.2816722808091,0.9900257514670394,84.89063920019493,16,5.305664950012183,True,264
NGC5907,NFW,5.7270313287349115,484.0648079876274,0.23305316763849257,63.53317237113051,16,3.970823273195657,True,403
NGC5907,Burkert,45.33455728932286,310.5994646313584,0.9924189590053007,84.6683105190171,16,5.291769407438569,True,187
NGC5907,PseudoIso,29.61300651093766,263.9337053239234,0.9937729831665507,84.37849692454326,16,5.2736560577839535,True,180
NGC5907,Einasto_alpha0.18,6.291670160227284,214.22238974660132,0.3772588893928023,64.16556726119214,16,4.010347953824509,True,396
NGC5985,GenFT,113.75419935622516,2380.890735768627,1.3223809408786464,354.3620657591996,30,11.812068858639986,True,330
NGC5985,NFW,8.004991139052201,627.8502061527652,7.295584638993444e-07,45.881930169521496,30,1.5293976723173832,True,290
NGC5985,Burkert,111397.04801177492,500241.34685765393,1.32984665263541,353.46959514479886,30,11.782319838159962,True,483
NGC5985,PseudoIso,132815.77967639017,820540.266145026,1.3321315087107521,353.241274226224,30,11.774709140874133,True,483
NGC5985,Einasto_alpha0.18,8.855268404436023,284.2413591324714,0.28869340567570856,55.49707916439706,30,1.8499026388132351,True,417
NGC6015,GenFT,2.2038531044051632,143.30788887983658,1.0288022507965837,353.3888917273386,41,8.619241261642404,True,252
NGC6015,NFW,7.927402010934514,286.14145162046964,0.7062909433907631,337.74207285913997,41,8.237611533149755,True,156
NGC6015,Burkert,20.292217157264723,232.60920912690824,1.0327212563854522,352.4688044082524,41,8.596800107518352,True,207
NGC6015,PseudoIso,13.652888426830069,199.66959820867555,1.0357756712086643,354.92689312599833,41,8.656753490878009,True,170
NGC6015,Einasto_alpha0.18,13.534708300238972,131.94910074959063,0.770001102071397,316.292398188707,41,7.714448736309927,True,206
NGC6195,GenFT,31.994979770497835,908.850458423077,0.8238741049649453,55.94978679612294,20,2.7974893398061473,True,304
NGC6195,NFW,250551.116887979,17591.734116483385,0.8048707891427546,75.71631220415358,20,3.785815610207679,True,1158
NGC6195,Burkert,52937.021672274066,276155.95232511545,0.8270819333019567,53.61967046024216,20,2.680983523012108,True,486
NGC6195,PseudoIso,154463.8972593542,1139841.718126127,0.8269562782738372,53.617902364017006,20,2.6808951182008505,True,464
NGC6195,Einasto_alpha0.18,2205.40165732038,192.3979380604274,0.6471291179331988,37.023149282797526,20,1.8511574641398763,True,383
NGC6503,GenFT,0.7616098848198445,102.27562156458401,0.8040171888896199,117.92230934005082,28,4.2115110478589575,True,300
NGC6503,NFW,7.62047267644069,228.16305539431954,0.6228159913192219,40.258636176991104,28,1.4378084348925395,True,191
NGC6503,Burkert,5.014391057714364,156.81506567465638,0.7529710028399901,65.77820405913542,28,2.3492215735405506,True,196
NGC6503,PseudoIso,0.5932160160256277,111.94567445930295,0.49914005284011137,31.795090296535935,28,1.1355389391619977,True,220
NGC6503,Einasto_alpha0.18,7.507677535467804,107.21656493629217,0.567926656530173,35.925773694737,28,1.2830633462406074,True,185
NGC6674,GenFT,8.51813577616496,257.5904335860891,1.1664066222890894,13.352376009870381,12,1.1126980008225318,True,224
NGC6674,NFW,554848.1518469176,25556.437693244006,1.1131402815086124,15.43425565086277,12,1.2861879709052308,True,3098
NGC6674,Burkert,75.0215665298451,409.34403530287966,1.1700159155329724,13.535887009767674,12,1.1279905841473061,True,196
NGC6674,PseudoIso,48.590855558176585,346.46623961153415,1.1714766122065272,13.685219140715798,12,1.140434928392983,True,188
NGC6674,Einasto_alpha0.18,725.3588176670037,204.8189623543568,1.0635950353710928,25.098398132771543,12,2.091533177730962,True,389
NGC6789,GenFT,1.7513111767255531,886.5027141895991,4.6959320211749007e-07,0.015793580337541288,1,0.015793580337541288,True,365
NGC6789,NFW,0.7916271087665789,9.03902317826906e-05,2.040913312044933,6.084716938306104,1,6.084716938306104,True,185
NGC6789,Burkert,1123.9391558873804,103034.68510921064,1.1741839503245886,0.36533117664147335,1,0.36533117664147335,True,476
NGC6789,PseudoIso,2164.3992136690904,280449.96836173395,1.1747883184226575,0.3654471514049056,1,0.3654471514049056,True,508
NGC6789,Einasto_alpha0.18,0.9008667295370536,5.15799192144374e-05,2.040912552812078,6.084716938322871,1,6.084716938322871,True,230
NGC6946,GenFT,0.9261310985563349,119.34844336259206,0.7507584175194149,79.68770457112782,55,1.4488673558386878,True,329
NGC6946,NFW,19.293509947165994,303.9696583517752,0.6919243542619258,87.97072437559787,55,1.5994677159199613,True,268
NGC6946,Burkert,7.848389001083936,187.9921343607787,0.7492055263160524,79.57358665243828,55,1.4467924845897868,True,214
NGC6946,PseudoIso,4.613340293220217,152.89344522093543,0.7465868247394489,80.53372281759428,55,1.4642495057744416,True,255
NGC6946,Einasto_alpha0.18,27.51527760938726,138.01432452636544,0.6733203528001283,92.54662867943914,55,1.6826659759898026,True,318
NGC7331,GenFT,1.9348503008971463,194.94906024602324,0.656781011896171,44.77270221972797,33,1.3567485521129687,True,303
NGC7331,NFW,42.98339997654479,475.555025141878,0.6139282974894635,24.83743268598985,33,0.7526494753330257,True,254
NGC7331,Burkert,15.704641003688064,303.9369848454621,0.6523857655938288,39.98468329484552,33,1.2116570695407733,True,207
NGC7331,PseudoIso,7.516580592861596,234.4528945959011,0.6383265898758878,29.682041040981662,33,0.8994557891206565,True,196
NGC7331,Einasto_alpha0.18,63.9014922730438,204.7584380507667,0.6024752648019343,23.00851394959329,33,0.697227695442221,True,274
NGC7793,GenFT,0.35584936398761385,72.55696157001633,0.8411119404820375,31.0482460536663,43,0.722052233806193,True,235
NGC7793,NFW,11.312200295618723,194.42485630597844,0.773740062814531,38.63275240650791,43,0.8984361024769282,True,227
NGC7793,Burkert,3.4736836035155254,113.47204266263915,0.8636773930950243,32.385349563337655,43,0.7531476642636664,True,191
NGC7793,PseudoIso,2.415993801110168,93.88195683717169,0.8794661489009661,33.939070775957866,43,0.7892807157199504,True,174
NGC7793,Einasto_alpha0.18,16.587284334927435,80.06267632583291,0.7452429238113536,46.85073344097273,43,1.0895519404877378,True,346
NGC7814,GenFT,0.8333375101404682,176.00557781797625,0.8200439049183645,18.32115682653763,15,1.2214104551025087,True,261
NGC7814,NFW,10.603507608920133,400.29505996852015,0.7308968366463324,6.476242308668219,15,0.4317494872445479,True,183
NGC7814,Burkert,5.739933046821871,272.1729364071654,0.7884296583874788,10.180074918195906,15,0.6786716612130604,True,161
NGC7814,PseudoIso,1.9982187041919617,201.59395949768606,0.7482121300398967,5.051756917037693,15,0.33678379446917955,True,197
NGC7814,Einasto_alpha0.18,12.00848873204771,187.9066390675928,0.7102666239089215,6.189199193036479,15,0.41261327953576526,True,231
PGC51017,GenFT,8.485512553899062,1.1285262934313073e-07,0.8004544095274726,6.937551612258194,3,2.3125172040860646,True,234
PGC51017,NFW,3.0073229494010576,4.495933269880712e-06,0.8004544242391389,6.937551612258267,3,2.312517204086089,True,213
PGC51017,Burkert,4.2346122940401205,1.2761352664963064e-07,0.8004544768770117,6.937551612259454,3,2.3125172040864848,True,199
PGC51017,PseudoIso,3.438176010840019,8.44969958000604e-06,0.800454374236196,6.937551612258787,3,2.3125172040862623,True,196
PGC51017,Einasto_alpha0.18,3.2816568858488413,0.00011146364453524724,0.8004546304802901,6.937551612291775,3,2.3125172040972584,True,184
UGC00128,GenFT,3.026219563394675,109.67480624252673,1.7766387143315523,131.45471571490518,19,6.918669248152904,True,242
UGC00128,NFW,15.225567407146475,262.193056461455,0.4389328848899807,60.62311904606186,19,3.190690476108519,True,278
UGC00128,Burkert,26.876488985055556,174.93375094361545,1.7818320896212836,132.78723971115866,19,6.988802090060982,True,321
UGC00128,PseudoIso,2.970461679888193,126.56383881055001,0.844333016980978,62.92649069189937,19,3.3119205627315456,True,259
UGC00128,Einasto_alpha0.18,22.563998571706584,119.62124889287688,0.8225910879618694,63.66863590588946,19,3.350980837152077,True,230
UGC00191,GenFT,0.8529204468026352,68.58901222640344,1.366619397627956,15.59487995131846,6,2.5991466585530767,True,208
UGC00191,NFW,29.67281913559684,198.80979246450238,1.1648709935753683,19.12185281688385,6,3.186975469480642,True,334
UGC00191,Burkert,1.791670105593069,115.00687496136243,2.161029536103013e-05,23.909103348016842,6,3.984850558002807,True,255
UGC00191,PseudoIso,0.934477972958691,79.31969157413029,0.5575207433414018,9.10434864210441,6,1.5173914403507351,True,221
UGC00191,Einasto_alpha0.18,24.680938687860802,70.49524750568062,0.941531239601336,29.038849694640163,6,4.8398082824400275,True,321
UGC00634,GenFT,0.8297171153207268,99.72752135574339,0.6592242879564161,0.004752214479068871,1,0.004752214479068871,True,245
UGC00634,NFW,16.852405778437138,235.75405608693308,5.783436011670248e-06,4.803244722050961,1,4.803244722050961,True,341
UGC00634,Burkert,6.054917066516535,156.31652500586696,1.2221066628719445e-06,0.41335092071904356,1,0.41335092071904356,True,314
UGC00634,PseudoIso,3.032581616469888,119.60805124503509,0.1285759563882406,2.8628494513894025,1,2.8628494513894025,True,313
UGC00634,Einasto_alpha0.18,27.021570342027495,105.13690796477994,0.0001041874041632923,6.598014781777804,1,6.598014781777804,True,524
UGC00731,GenFT,1.140450420755871,52.080053081400195,3.721200282154239,0.7073260314841584,9,0.0785917812760176,True,491
UGC00731,NFW,28.49255685631652,144.41326358826964,3.197510980929485,0.692504996278771,9,0.07694499958653012,True,377
UGC00731,Burkert,10.501924113513386,84.14138047481646,3.742410622357707,0.7244313989157783,9,0.08049237765730871,True,408
UGC00731,PseudoIso,1.2983291884445831,64.4263894635225,2.155694269964,1.0915659764768462,9,0.12128510849742735,True,253
UGC00731,Einasto_alpha0.18,36.22524867509007,53.87434585286486,2.9042248951189356,1.534309654101038,9,0.17047885045567088,True,379
UGC00891,GenFT,0.5428661718387303,63.25625198850698,0.21854873432648214,0.33976234112856263,2,0.16988117056428131,True,386
UGC00891,NFW,76.00520701141862,296.0966525095923,7.024984756315225e-08,6.728647499676259,2,3.3643237498381295,True,342
UGC00891,Burkert,4.826489767302972,100.92142167609342,0.32207641727871705,0.3105555330609284,2,0.1552777665304642,True,254
UGC00891,PseudoIso,2.894175538747243,82.86036747976283,0.00012385629709888276,0.27106757981656415,2,0.13553378990828208,True,335
UGC00891,Einasto_alpha0.18,88.19813366595244,59.80832706203092,0.2928730267054499,18.031268473505627,2,9.015634236752813,True,438
UGC01230,GenFT,0.5995716865593721,102.80071054216751,0.822820439696503,2.815198183761457,8,0.3518997729701821,True,343
UGC01230,NFW,31.558347983526943,179.97372348440348,1.562286867121217,7.251395028064874,8,0.9064243785081092,True,238
UGC01230,Burkert,3.721123273953178,161.86943778728943,1.1633907893865571e-05,2.070987146628898,8,0.25887339332861226,True,243
UGC01230,PseudoIso,2.6346693632830913,90.41192667245141,1.3705129105416707,4.708566199778637,8,0.5885707749723297,True,171
UGC01230,Einasto_alpha0.18,46.48280043036715,80.6802068918641,1.5407830569457475,8.090382878480181,8,1.0112978598100226,True,219
UGC01281,GenFT,0.3478745959256081,57.985669113204324,1.0869184964942285e-05,5.865599913340395,22,0.26661817787910885,True,300
UGC01281,NFW,22512.07499539326,5203.6556862279185,0.43888213840186174,29.33614541253277,22,1.3334611551151259,True,1204
UGC01281,Burkert,3.0444183485531875,92.3353183907164,1.9975696235850346e-05,5.038968825846856,22,0.22904403753849348,True,213
UGC01281,PseudoIso,1.9320558419862177,77.10019593766361,5.469139532886247e-07,5.14657241721129,22,0.23393510987324048,True,247
UGC01281,Einasto_alpha0.18,3.0093949339563215,4.470364869118621e-05,2.1595886101304895,83.68771482141287,22,3.8039870373369484,True,205
UGC02023,GenFT,7.447462438831091,666.4636311023942,0.15688497674674018,0.011523027414969564,2,0.005761513707484782,True,317
UGC02023,NFW,2.4798323457861615,2.3288734099487847e-06,1.154396845255782,3.778861292090537,2,1.8894306460452686,True,194
UGC02023,Burkert,11249.032412812432,187598.62758645913,0.5309106743171275,0.03631944044975935,2,0.018159720224879675,True,442
UGC02023,PseudoIso,48846.00350084664,1151490.6876512882,0.5309352497466394,0.036384827668689,2,0.0181924138343445,True,839
UGC02023,Einasto_alpha0.18,3.5837957813205064,2.425454069275295e-05,1.154396770504436,3.778861292090297,2,1.8894306460451484,True,185
UGC02259,GenFT,34.01813734961688,1350.4053287026936,1.806437696212924,13.128116720276623,5,2.6256233440553247,True,381
UGC02259,NFW,3.5473990712108816,174.52848590731043,0.5096576940944559,4.086939440650072,5,0.8173878881300144,True,240
UGC02259,Burkert,1.5332983763429002,125.97175618335103,1.2825228067826912e-05,10.656354244871354,5,2.1312708489742707,True,281
UGC02259,PseudoIso,0.5764727029691803,85.83269383790693,0.6131644160692005,2.8437513361010875,5,0.5687502672202175,True,262
UGC02259,Einasto_alpha0.18,5.179874459407148,78.22827597321319,0.8376972869809085,3.8980625004417124,5,0.7796125000883425,True,226
UGC02455,GenFT,43.53705966487668,2335.989069505388,1.2135748010627189e-08,2.6064657657851225,5,0.5212931531570245,True,652
UGC02455,NFW,47427.29606032306,7091.019908315912,1.2889410640312755e-05,5.144228958432418,5,1.0288457916864835,True,1615
UGC02455,Burkert,6186.48690873216,86702.72349542216,0.27721272295648924,3.4752265651862757,5,0.6950453130372551,True,430
UGC02455,PseudoIso,11982.642672057318,239471.30787268048,0.27415478273540217,3.462947119657044,5,0.6925894239314088,True,440
UGC02455,Einasto_alpha0.18,51.024406678927875,43.03286438158983,1.730626300481131e-07,10.557455472165804,5,2.111491094433161,True,351
UGC02487,GenFT,2.876340700869928,250.6921709508332,1.0937092011105152,65.95251812960778,14,4.710894152114841,True,314
UGC02487,NFW,21.846556477093472,592.5785721402885,0.9342308494226966,60.41498356804378,14,4.315355969145984,True,229
UGC02487,Burkert,18.373963599337948,392.86350057006655,1.0467254462557851,53.864016888696746,14,3.847429777764053,True,195
UGC02487,PseudoIso,8.667079092859847,284.31834938655953,1.0772860128554984,61.7724918509286,14,4.4123208464949,True,209
UGC02487,Einasto_alpha0.18,21.296306467549563,277.9818900849865,0.9165670265005861,64.8442714804503,14,4.6317336771750215,True,329
UGC02885,GenFT,5.6906810246484465,257.56607823484194,0.9638439504079923,19.438591424365608,16,1.2149119640228505,True,214
UGC02885,NFW,1331.258952822036,1545.6549696644531,0.9423897435679158,22.995470203701,16,1.4372168877313125,True,452
UGC02885,Burkert,50.492959085383085,411.53851121974276,0.9653245504265588,19.341900855359654,16,1.2088688034599784,True,188
UGC02885,PseudoIso,31.597931063877724,341.8345089641085,0.9652191766942816,19.33174616698311,16,1.2082341354364443,True,178
UGC02885,Einasto_alpha0.18,814.640874651325,251.50097511691848,0.8905957592918889,18.40743735834969,16,1.1504648348968556,True,300
UGC02916,GenFT,0.8862215646053272,166.68828726869836,0.727284876010834,369.134386189017,40,9.228359654725425,True,305
UGC02916,NFW,12.160431129716908,373.0498206971174,0.6574088525803247,417.88261965573946,40,10.447065491393486,True,261
UGC02916,Burkert,7.482889517425521,259.01581218852505,0.7282810624225271,391.2573499256956,40,9.78143374814239,True,217
UGC02916,PseudoIso,4.4465524861553,208.43487321115015,0.7294054299253807,447.32634272046306,40,11.183158568011576,True,231
UGC02916,Einasto_alpha0.18,2.1668631823727935,216.5532665533887,8.860431298382459e-06,243.02381887176276,40,6.075595471794069,True,380
UGC02953,GenFT,1.9409453449171594,217.33746326295173,0.8744787277117188,836.6132760478691,112,7.4697613932845455,True,209
UGC02953,NFW,22.707100143639266,488.53647015550564,0.791550124848988,621.6790289543753,112,5.550705615664065,True,249
UGC02953,Burkert,14.422481343067728,332.8267543855952,0.8639081035131183,695.7278641932958,112,6.211855930297284,True,203
UGC02953,PseudoIso,4.411914926906505,244.94680178451634,0.812541123915758,584.5872821639736,112,5.219529305035478,True,246
UGC02953,Einasto_alpha0.18,22.46463625927919,230.6089054179639,0.759418049333131,622.3113100078384,112,5.556350982212843,True,242
UGC03205,GenFT,3.024419625172981,185.8778073004575,0.9944865592573069,175.5519167101146,45,3.901153704669213,True,268
UGC03205,NFW,3.667673596253337,494.193050404872,1.3432510386191861e-06,104.80918118820554,45,2.3290929152934563,True,305
UGC03205,Burkert,26.954324251179777,297.41416600226086,0.996252275550443,174.73207985850235,45,3.882935107966719,True,193
UGC03205,PseudoIso,17.452117467393144,251.20676002572358,0.9975260119315832,174.44058470218494,45,3.876457437826332,True,224
UGC03205,Einasto_alpha0.18,3.7726586755374143,227.3498564544965,7.384429407538507e-06,119.54098377983692,45,2.656466306218598,True,360
UGC03546,GenFT,0.9115411505443551,154.9674349571709,0.7060408448183586,17.940707790332628,27,0.6644706589012084,True,253
UGC03546,NFW,11.415543221950482,352.0853722718857,0.6484437996939054,22.619013036694216,27,0.8377412235812672,True,215
UGC03546,Burkert,6.863943110543712,239.39518722095997,0.6994968660961831,17.012866491990756,27,0.630106166370028,True,204
UGC03546,PseudoIso,2.641543492356981,177.80837612711812,0.6879560451630916,25.220550579848624,27,0.9340944659203194,True,209
UGC03546,Einasto_alpha0.18,11.799650613463434,166.25339755734086,0.6255496047498441,24.94918784297009,27,0.9240439941840775,True,269
UGC03580,GenFT,1.0245234482747216,113.06354409414433,0.632348633035968,292.8720079788632,44,6.656181999519618,True,186
UGC03580,NFW,17.298244745346985,255.47543851634748,0.47787479777241837,137.43724484519373,44,3.1235737464816755,True,294
UGC03580,Burkert,7.597042994190706,171.37532209024812,0.6166024900418773,242.6450528944594,44,5.514660293055896,True,191
UGC03580,PseudoIso,2.651446466663521,123.95615587954211,0.5371477421114745,150.01860936980324,44,3.40951384931371,True,194
UGC03580,Einasto_alpha0.18,21.76236401336659,118.69995303741828,0.4162355463456058,124.41253420199713,44,2.827557595499935,True,245
UGC04278,GenFT,3.260347234950371,290.16155650381256,1.012545687619964,9.716646990035924,22,0.4416657722743602,True,273
UGC04278,NFW,36284.436811402935,8567.549550029351,0.0001734304621981712,22.372990982335857,22,1.0169541355607208,True,1255
UGC04278,Burkert,19.243913357676192,333.48304326417576,1.0461804020168122,9.682109173738766,22,0.44009587153358026,True,214
UGC04278,PseudoIso,10.244305334502474,240.47900424874632,1.0537820417860555,9.395568975320757,22,0.42707131706003437,True,194
UGC04278,Einasto_alpha0.18,41.11942785388221,74.40702941490565,4.9928558705132235e-05,75.1103559811903,22,3.414107090054104,True,490
UGC04305,GenFT,8.680544586489756,5.696763378838294e-05,0.87552109799187,34.14760388240411,19,1.7972423096002164,True,216
UGC04305,NFW,3.2907367069074738,1.74036571108795e-05,0.8755210420783721,34.14760388240613,19,1.7972423096003227,True,196
UGC04305,Burkert,5.513245461591109,9.781863232423638e-05,0.8755210209019442,34.14760388250881,19,1.7972423096057268,True,171
UGC04305,PseudoIso,5.7542806580268095,6.190676339912996e-06,0.8755210439682883,34.14760388240477,19,1.7972423096002512,True,216
UGC04305,Einasto_alpha0.18,4.535544798241569,4.274438266223859e-05,0.8755208289810599,34.14760388251891,19,1.7972423096062584,True,169
UGC04325,GenFT,3.012292202528485,5.658702813392849e-05,1.8677869434963847,18.60837856126488,5,3.7216757122529764,True,234
UGC04325,NFW,2.797463596486982,112.45471433490856,1.4962131091879936,9.80421313349186,5,1.960842626698372,True,209
UGC04325,Burkert,1.3946537520012683,133.75933636891318,0.23839365037283322,2.3189052904517875,5,0.4637810580903575,True,316
UGC04325,PseudoIso,8.547962007144811,1.7414524592708215e-05,1.8677868907287758,18.6083785612618,5,3.7216757122523605,True,250
UGC04325,Einasto_alpha0.18,3.647265573969298,48.481310151976416,1.5565351976166317,10.726036671788442,5,2.1452073343576883,True,202
UGC04483,GenFT,0.05459060961012294,20.636552330365138,6.017575860622161e-06,1.4431834230683105,5,0.2886366846136621,True,294
UGC04483,NFW,2.7906360753591057,57.62715514060906,0.5447767343079088,3.531295074369852,5,0.7062590148739705,True,308
UGC04483,Burkert,0.44514672674166866,31.83127291674616,4.825713315837138e-05,1.299764847912714,5,0.25995296958254277,True,245
UGC04483,PseudoIso,0.2522816375663779,24.92032439046759,0.21982836297282654,1.5458672780785223,5,0.3091734556157045,True,278
UGC04483,Einasto_alpha0.18,4.76746675432545,21.19359297218226,0.3339360624865727,4.460322418961346,5,0.8920644837922692,True,330
UGC04499,GenFT,0.34613040458523614,63.63646026055549,0.5728985394126485,2.0220841678416717,6,0.33701402797361196,True,324
UGC04499,NFW,8.754130194602592,158.45973423567528,3.6832972914079476e-07,5.623644058967467,6,0.9372740098279112,True,324
UGC04499,Burkert,2.431875373614483,101.23189927539204,1.9287556712992702e-05,0.9672079675442011,6,0.16120132792403352,True,239
UGC04499,PseudoIso,1.257867984328605,77.15833894022234,1.4777009676340903e-05,1.1285351273938273,6,0.18808918789897122,True,271
UGC04499,Einasto_alpha0.18,18.148746142914362,69.73977969115579,0.0001329490846151458,7.677369976930464,6,1.279561662821744,True,456
UGC05005,GenFT,1.2665037433778024,90.48223367369229,0.7088154942302378,0.03218692238506568,8,0.00402336529813321,True,215
UGC05005,NFW,46.046394673560854,242.12249542147237,0.25990138190120965,1.7246300276384359,8,0.21557875345480448,True,489
UGC05005,Burkert,10.644188437051124,140.6149650635046,0.7074313192134205,0.11765187263167505,8,0.014706484078959381,True,168
UGC05005,PseudoIso,6.036687388288945,110.9945247367613,0.6780571398444175,0.28800102609142286,8,0.03600012826142786,True,169
UGC05005,Einasto_alpha0.18,92.41486986212672,96.82229742356944,5.242797241946707e-05,3.6211245481962324,8,0.45264056852452905,True,326
UGC05253,GenFT,1.5096918729050173,190.4919128061885,0.8363984157237352,79.80282096103768,70,1.1400402994433954,True,189
UGC05253,NFW,23.66107392508181,418.5753172914715,0.790921120752363,289.4926246853059,70,4.1356089240757985,True,243
UGC05253,Burkert,11.63656393158372,286.9590112446243,0.8348516001024566,134.40808382737686,70,1.9201154832482408,True,210
UGC05253,PseudoIso,5.964207646893829,219.073276089516,0.8321602893331053,269.59597896150393,70,3.851371128021485,True,196
UGC05253,Einasto_alpha0.18,28.462315298203556,197.9589977316087,0.773489515004014,329.10552962775625,70,4.701507566110804,True,297
UGC05414,GenFT,0.3943859804954112,58.052487348219756,0.7493225777994865,0.2936151993796202,3,0.09787173312654007,True,316
UGC05414,NFW,16443.128278831733,5136.489390834504,0.035999014735197434,2.2491439867805014,3,0.7497146622601671,True,1853
UGC05414,Burkert,3.699132358320232,93.26552556275345,0.8028029644072503,0.30350684694450314,3,0.10116894898150104,True,229
UGC05414,PseudoIso,2.4507974741571976,79.00281152061015,0.8258852523154327,0.30376606041467674,3,0.10125535347155891,True,186
UGC05414,Einasto_alpha0.18,3.6722069737154137,1.1541545255419215e-05,1.4036583110808,31.372080709162198,3,10.4573602363874,True,197
UGC05716,GenFT,0.5829479154977015,63.90281524862223,1.4024183002846025,11.924415077126307,9,1.3249350085695897,True,264
UGC05716,NFW,7.1579425915187365,147.49823086350477,1.9932274213402644e-05,15.812490271068226,9,1.756943363452025,True,250
UGC05716,Burkert,4.929348256799632,100.13557993457934,1.390658687081184,15.23273943883182,9,1.6925266043146465,True,181
UGC05716,PseudoIso,2.5389254174713445,78.48326996960327,1.294255017114418,22.115390477749923,9,2.45726560863888,True,167
UGC05716,Einasto_alpha0.18,10.09440392588392,68.97851987180786,2.3555259945335508e-05,18.9521362553462,9,2.105792917260689,True,263
UGC05721,GenFT,0.17337777762747358,76.48273588771468,0.9649925532037966,11.002061049259218,20,0.5501030524629609,True,215
UGC05721,NFW,1.8649964218867936,166.94652673475264,1.898155321664414e-05,17.270725004936555,20,0.8635362502468278,True,226
UGC05721,Burkert,1.109764284815804,114.49207639398755,0.8256371457467755,7.867445263039965,20,0.39337226315199825,True,188
UGC05721,PseudoIso,0.4695180806529097,81.21738112200921,0.817901914386898,16.834884163601636,20,0.8417442081800818,True,191
UGC05721,Einasto_alpha0.18,2.689714473875606,77.58788622569506,0.35083048199232025,27.0249497835496,20,1.3512474891774802,True,235
UGC05750,GenFT,0.8378068056412848,76.26870313604266,6.485626349590083e-06,0.8097976494129107,8,0.10122470617661383,True,345
UGC05750,NFW,9.948998724748186,3.2888355807364787e-06,1.7036984249714722,8.48000145068857,8,1.0600001813360713,True,186
UGC05750,Burkert,7.211285067678141,114.00143831407702,0.5169885143616636,1.0250203053425218,8,0.12812753816781522,True,179
UGC05750,PseudoIso,4.628601129556572,86.27749806517727,0.864925551233861,1.4836454017322365,8,0.18545567521652956,True,129
UGC05750,Einasto_alpha0.18,5.902490114164726,7.542078485137907e-06,1.7036987028719723,8.480001450703162,8,1.0600001813378952,True,192
UGC05764,GenFT,0.12426597117466415,50.70486221481251,9.26497508084447e-05,15.909443588489081,7,2.27277765549844,True,354
UGC05764,NFW,3.2023451489187966,110.55282965001174,1.8056175514383856,52.69727387414621,7,7.528181982020888,True,242
UGC05764,Burkert,0.9715773543955212,77.95062724769696,4.771325111594115e-05,19.6516902805267,7,2.8073843257895286,True,322
UGC05764,PseudoIso,0.49947420585879065,58.37966401000989,1.012876702871699,35.607156026421855,7,5.086736575203122,True,306
UGC05764,Einasto_alpha0.18,7.28670889910072,46.849947814449436,2.36469879283007,60.6463248025113,7,8.663760686073044,True,412
UGC05829,GenFT,24.035055249677416,955.2473307017635,1.6477193475962986,0.2908095634241817,8,0.03635119542802271,True,355
UGC05829,NFW,34685.335124930854,5436.2271116966085,0.9953339981557796,0.6593892491990213,8,0.08242365614987766,True,1943
UGC05829,Burkert,16529.548664913324,132788.40268461473,1.8213019715452647,0.35899053211724885,8,0.044873816514656106,True,420
UGC05829,PseudoIso,25479.577369700517,288720.3751366836,1.8240110158164209,0.35874399342625873,8,0.04484299917828234,True,517
UGC05829,Einasto_alpha0.18,37.543800499833964,55.16542868418533,6.770192109785823e-05,3.702010331554708,8,0.4627512914443385,True,439
UGC05918,GenFT,137.24104107314002,1901.2264716042978,2.0881002808264415,0.760372078978806,5,0.1520744157957612,True,401
UGC05918,NFW,7.53019984221514,75.97176753812812,1.6574744625636617,0.5244506175274375,5,0.1048901235054875,True,209
UGC05918,Burkert,1.4787289376036108,61.77459448658992,2.6873804830953874e-05,0.22833933165705372,5,0.04566786633141075,True,301
UGC05918,PseudoIso,0.8052092439259027,47.927706141888855,2.037546590161836e-05,0.07903489866582385,5,0.01580697973316477,True,349
UGC05918,Einasto_alpha0.18,22.292460721855075,27.541571395089434,1.8061591303491444,0.5961588220367839,5,0.11923176440735679,True,305
UGC05986,GenFT,0.3334684245837469,112.17275777531361,0.22597047831387596,5.862671156889685,12,0.4885559297408071,True,297
UGC05986,NFW,3484.1948079696585,2974.102123957674,0.9968280730936453,66.13142134599735,12,5.510951778833113,True,1926
UGC05986,Burkert,3.3233656984363877,164.1071998305129,0.7090841444675096,11.958042751523458,12,0.9965035626269548,True,192
UGC05986,PseudoIso,2.42104776284032,131.0748096646501,0.8887526256794254,18.148804434667724,12,1.5124003695556436,True,196
UGC05986,Einasto_alpha0.18,25.698131691861526,110.28528313714136,0.7007732204080912,116.4706882044336,12,9.7058906837028,True,800
UGC05999,GenFT,0.7647330830095362,90.40596474110959,1.0278628766764829e-05,1.3755822632589851,2,0.6877911316294926,True,308
UGC05999,NFW,34.148540061123,250.42948608369977,3.5874702125211666e-08,6.252131387362351,2,3.1260656936811757,True,257
UGC05999,Burkert,6.5148265248370185,141.19320772322797,2.1911763925083187e-06,1.7334716752472614,2,0.8667358376236307,True,256
UGC05999,PseudoIso,3.854190764839101,112.8424298057038,2.3405252451035835e-06,2.7597404269674572,2,1.3798702134837286,True,255
UGC05999,Einasto_alpha0.18,83.25159519770273,93.8143317112229,7.717744596010743e-05,7.251786556414484,2,3.625893278207242,True,785
UGC06399,GenFT,0.3722927519884269,83.06401921493236,2.2912188011222517e-05,0.2291963733029042,6,0.03819939555048404,True,415
UGC06399,NFW,36579.474713415126,6825.073563675427,1.1618247693804995,3.302083945874276,6,0.5503473243123793,True,1890
UGC06399,Burkert,3.1123911971692726,129.4686122363064,0.00013951622512886936,0.27277766728666253,6,0.045462944547777086,True,321
UGC06399,PseudoIso,2.291805463447883,96.54149610212241,0.8940032895225637,0.5691884268609813,6,0.09486473781016354,True,265
UGC06399,Einasto_alpha0.18,34.70200085449602,75.94283503436182,0.8510320995845265,7.00238317924483,6,1.1670638632074717,True,400
UGC06446,GenFT,0.531312285687005,66.83003472986391,1.6607739982933065,2.23392413092342,14,0.15956600935167287,True,233
UGC06446,NFW,8.473931451942798,163.985314017512,1.1818019547594254,2.9954372180853883,14,0.21395980129181344,True,217
UGC06446,Burkert,4.610695620734727,105.57779712580941,1.6641470986404143,2.29439196341598,14,0.16388514024399856,True,192
UGC06446,PseudoIso,2.5561576832173047,84.47531325765925,1.6319840320250174,2.4098173967196006,14,0.17212981405140004,True,202
UGC06446,Einasto_alpha0.18,11.567333671579682,75.60567046131808,1.0473032453279174,3.817230581590977,14,0.2726593272564984,True,275
UGC06614,GenFT,2.8380680603445887,184.4038197279743,0.7637777621936439,0.8563604825453149,10,0.0856360482545315,True,223
UGC06614,NFW,78.31489921769935,465.87501598913315,0.6766130177249414,2.771164528463073,10,0.2771164528463073,True,275
UGC06614,Burkert,23.75909960177053,287.9522303621069,0.7611011507435891,1.1372339472138948,10,0.11372339472138948,True,204
UGC06614,PseudoIso,13.827404848342187,230.77633617043887,0.7556749460114732,1.8035237778104354,10,0.18035237778104354,True,199
UGC06614,Einasto_alpha0.18,149.93652562912976,200.91550963325153,0.6611119584501473,3.1359911891628216,10,0.31359911891628217,True,362
UGC06628,GenFT,14.805480474262183,3.369288746497525e-05,0.830538387723762,2.2699472077259992,4,0.5674868019314998,True,206
UGC06628,NFW,1.8958944694372728,77.71037627863035,3.235028645313632e-05,0.8532529320047278,4,0.21331323300118196,True,332
UGC06628,Burkert,5.725882660876949,1.2213067013065303e-06,0.8305382746227161,2.2699472077282885,4,0.5674868019320721,True,192
UGC06628,PseudoIso,6.735601319905939,6.966066311180815e-05,0.8305383440983771,2.2699472077296994,4,0.5674868019324248,True,202
UGC06628,Einasto_alpha0.18,2.0289736279939934,35.88046991311367,0.00010038929649006642,0.998090978914147,4,0.24952274472853675,True,360
UGC06667,GenFT,0.36722565245504835,79.14711697153543,0.8847559182016219,0.41617337659266374,6,0.06936222943211062,True,400
UGC06667,NFW,7.81710073622129,112.63637060806944,2.9686366363417145,6.98696024768509,6,1.1644933746141817,True,251
UGC06667,Burkert,3.123518795666386,127.27335064765123,4.262602143173777e-05,0.6232304411846089,6,0.10387174019743482,True,317
UGC06667,PseudoIso,1.8039943418704092,101.13537309380999,2.5974857820427537e-05,1.467282753650834,6,0.24454712560847233,True,279
UGC06667,Einasto_alpha0.18,13.019741855532336,46.41637682169431,3.0798815009471587,7.885846712545943,6,1.314307785424324,True,595
UGC06786,GenFT,1.2933644508130637,191.9608465771857,0.9452874589312861,89.48399680579084,42,2.1305713525188295,True,217
UGC06786,NFW,15.63343479605792,440.6894092912787,0.7667748923397193,50.772610617238826,42,1.208871681362829,True,217
UGC06786,Burkert,10.220203850909975,298.1932177724756,0.9334816908756987,88.47864558045363,42,2.1066344185822294,True,187
UGC06786,PseudoIso,0.43228977583735984,225.45844023174442,0.23016490320763572,48.31358119093082,42,1.150323361688829,True,370
UGC06786,Einasto_alpha0.18,13.727967329266153,208.5238655461492,0.6603906379058497,39.195418998150494,42,0.933224261860726,True,292
UGC06787,GenFT,1.2065731819199992,206.14806705223924,0.8860966588923216,2642.518354620969,68,38.860564038543664,True,209
UGC06787,NFW,14.29784014128899,464.14276272223844,0.7357489591946313,1761.3922298363823,68,25.902826909358563,True,238
UGC06787,Burkert,6.854992375137756,315.3767884799707,0.7966077316423834,2023.4378493111221,68,29.75643896045768,True,142
UGC06787,PseudoIso,2.3508847791637817,230.99994195076067,0.7392073480434079,1579.2706902260547,68,23.224568973912568,True,205
UGC06787,Einasto_alpha0.18,17.27990591614668,219.86628887437604,0.7126845263935406,1705.6457703515732,68,25.08302603458196,True,263
UGC06818,GenFT,0.8660986200110803,95.30116735159226,0.33648668008562743,5.230412248003472,5,1.0460824496006944,True,185
UGC06818,NFW,63117.99944396794,9414.72283237488,1.5032468287027571e-05,9.200425858392062,5,1.8400851716784126,True,1461
UGC06818,Burkert,7.814859803171132,152.96532776203705,0.3964267912645963,5.171718807533385,5,1.034343761506677,True,212
UGC06818,PseudoIso,5.385648586302198,133.93464368358542,0.44402159952591824,5.128347937974316,5,1.0256695875948632,True,195
UGC06818,Einasto_alpha0.18,62.43869633589108,64.79202859654436,4.77268662208445e-06,18.250884295940345,5,3.6501768591880692,True,315
UGC06917,GenFT,0.4473513844199573,91.40795782522898,0.7227995596568184,2.481798947425437,8,0.31022486842817965,True,325
UGC06917,NFW,10.28821471314792,241.41519615102976,3.7699688464777734e-06,5.319300334260779,8,0.6649125417825974,True,274
UGC06917,Burkert,3.3299654594325854,146.5808979237647,0.5646823745962095,1.5996314882488285,8,0.19995393603110356,True,237
UGC06917,PseudoIso,1.6678831215130103,116.05233949505714,0.4077673876582698,2.1324135723509223,8,0.2665516965438653,True,308
UGC06917,Einasto_alpha0.18,18.945538921260223,107.41516180224136,7.856263592354867e-06,7.2421018868229785,8,0.9052627358528723,True,503
UGC06923,GenFT,0.2779405894833871,73.33753183128917,0.408041372523683,1.2358193658736631,3,0.4119397886245544,True,282
UGC06923,NFW,9.578706402133722,202.48883620357543,1.8450196852299473e-06,2.4846153164846427,3,0.8282051054948809,True,316
UGC06923,Burkert,2.518745054695095,115.18599665049905,0.46802203632492534,1.4172878903986474,3,0.47242929679954915,True,189
UGC06923,PseudoIso,1.5889169476207545,93.64698459159803,0.5105330454168757,1.7203142739665207,3,0.5734380913221736,True,186
UGC06923,Einasto_alpha0.18,7.864226159067533,75.31775675149223,1.0956295250337309e-10,4.443446013567018,3,1.481148671189006,True,248
UGC06930,GenFT,0.6171496714095808,82.67018241950424,0.9554973025493025,3.4456082077018713,7,0.4922297439574102,True,314
UGC06930,NFW,7.9575749351945255,215.42404205074544,0.3200180060018842,2.0616122105394106,7,0.2945160300770587,True,281
UGC06930,Burkert,3.148235161018026,153.48958535443228,1.3256694789565395e-05,1.0067509075938093,7,0.14382155822768702,True,304
UGC06930,PseudoIso,1.5944461919632449,102.69201456550164,0.6496727457286828,1.112978506606689,7,0.1589969295152413,True,301
UGC06930,Einasto_alpha0.18,14.889254468728259,94.3348395380603,0.7039314261132735,2.8434068001436335,7,0.4062009714490905,True,360
UGC06973,GenFT,0.4176504419964522,154.2393656769641,0.43621123304625403,4.131526012837556,6,0.6885876688062593,True,355
UGC06973,NFW,7.29188080230379,361.46750983906793,0.3760679922297867,2.1187768682788004,6,0.3531294780464667,True,256
UGC06973,Burkert,3.26795043933062,239.58518893054014,0.42599055596443514,3.2977720331887963,6,0.5496286721981327,True,215
UGC06973,PseudoIso,1.3280096482744854,181.42501524739737,0.3918330610694829,2.085215617009665,6,0.3475359361682775,True,271
UGC06973,Einasto_alpha0.18,9.070731965843567,161.87430359380502,0.35736232606159307,1.9098362025044593,6,0.31830603375074323,True,239
UGC06983,GenFT,0.5519419416682387,90.13451222260076,1.0333377948585534,7.276690429492045,14,0.5197636021065747,True,283
UGC06983,NFW,6.488857183414642,221.63272902091768,0.3578189505483141,8.648802845897949,14,0.6177716318498535,True,216
UGC06983,Burkert,3.6001091989468472,143.05286155094106,0.8600527273481944,6.185355172967413,14,0.4418110837833867,True,222
UGC06983,PseudoIso,1.7127868083330227,107.99191983577299,0.8383887173848144,6.828455739241187,14,0.48774683851722767,True,262
UGC06983,Einasto_alpha0.18,9.92900168235559,103.89962102999112,0.5103864156136145,10.443999677462921,14,0.7459999769616372,True,284
UGC07089,GenFT,1.4361709103900904,93.50413725479642,0.8715026349670076,1.1105854510129376,9,0.12339838344588196,True,273
UGC07089,NFW,26718.29765414851,5453.261961726101,0.5214810969690535,1.7580339951640747,9,0.19533711057378608,True,1548
UGC07089,Burkert,13.198545862021007,151.39519045577265,0.8931709319831749,1.1401815424536808,9,0.12668683805040898,True,262
UGC07089,PseudoIso,9.056635505277413,132.32888068811567,0.9083687163242306,1.1405571966150434,9,0.12672857740167148,True,200
UGC07089,Einasto_alpha0.18,51.846201474914935,71.60046707005608,0.06018512325368365,7.628673451657907,9,0.8476303835175452,True,375
UGC07125,GenFT,0.6277907950452821,50.04126896639377,0.7315547572701834,2.6296270494458627,10,0.2629627049445863,True,263
UGC07125,NFW,11.177028546130892,116.92186502597033,0.536918956426861,9.096404396002123,10,0.9096404396002123,True,200
UGC07125,Burkert,4.301562968312492,78.62702675300322,0.5958132592002665,2.612847176557487,10,0.26128471765574873,True,205
UGC07125,PseudoIso,2.596386992698945,57.78096169174872,0.7612327468065248,5.0154807601282165,10,0.5015480760128217,True,199
UGC07125,Einasto_alpha0.18,21.549917554468983,53.665162100065345,0.659573448857858,11.904581387367736,10,1.1904581387367736,True,286
UGC07151,GenFT,0.2489167629996769,52.075890826866754,0.947918417561961,8.420214376711755,8,1.0525267970889693,True,286
UGC07151,NFW,10686.159668229768,3155.4422066503193,1.080545934601521,16.55796155173001,8,2.0697451939662512,True,1610
UGC07151,Burkert,1.814677280473712,85.18990892216914,0.8532226139300918,7.440017337232324,8,0.9300021671540405,True,211
UGC07151,PseudoIso,1.21349131560167,65.06955567762452,0.9452351508629762,7.844748868914896,8,0.980593608614362,True,187
UGC07151,Einasto_alpha0.18,19.90398278754988,51.81818741118185,0.9858957820016989,24.003667680120376,8,3.000458460015047,True,375
UGC07232,GenFT,3.5689584245793493,996.4810635792645,0.26978485727784685,0.0033424327352072057,1,0.0033424327352072057,True,371
UGC07232,NFW,12.854529884289501,223.34657570865966,3.830389840821764e-11,3.0643564787588806,1,3.0643564787588806,True,301
UGC07232,Burkert,1716.2034501016653,97060.99375080515,0.7172202778755328,0.2247489816026295,1,0.2247489816026295,True,686
UGC07232,PseudoIso,2598.514209748353,208694.12698261446,0.7114441314844042,0.22375182043271297,1,0.22375182043271297,True,616
UGC07232,Einasto_alpha0.18,6.276000452120854,36.4090860665918,9.774492637817895e-05,6.558698682373325,1,6.558698682373325,True,322
UGC07261,GenFT,367.64769481726114,7875.933110797513,0.9052211766383929,0.2507107932142236,4,0.0626776983035559,True,508
UGC07261,NFW,3.8594032481241767,146.1854874518432,0.5485596188867301,0.09957577550875743,4,0.024893943877189358,True,196
UGC07261,Burkert,1.3151436285141145,107.48900284059727,2.4966769924764464e-06,0.4161397556093327,4,0.10403493890233317,True,267
UGC07261,PseudoIso,11.496793945699277,182.63589698213286,1.2514047218645667,4.526002692701466,4,1.1315006731753665,True,257
UGC07261,Einasto_alpha0.18,6.275056434435031,67.00324092927596,0.6365757638087458,0.08890203337448829,4,0.022225508343622073,True,170
UGC07323,GenFT,1.0150861373501008,99.23696318137095,0.864800744822699,1.6922886128729662,7,0.24175551612470944,True,262
UGC07323,NFW,5.220596060269636,6.102409101737572e-05,1.1793363604276212,19.405309415072313,7,2.7721870592960447,True,176
UGC07323,Burkert,8.653474560643268,152.36952174970617,0.8806749186269464,1.68025100542222,7,0.24003585791746,True,231
UGC07323,PseudoIso,5.787487982183273,130.23829919575326,0.8942554414228099,1.6375458447266746,7,0.23393512067523922,True,223
UGC07323,Einasto_alpha0.18,5.013771868360389,6.329163675432027e-05,1.1793362358625412,19.40530941513704,7,2.7721870593052915,True,192
UGC07399,GenFT,0.2653735132290852,88.18821572784425,1.2892219261520534,7.351827651336958,7,1.0502610930481369,True,279
UGC07399,NFW,4.713393776894213,222.85105238408823,4.303843578366045e-06,6.829069156186513,7,0.9755813080266448,True,307
UGC07399,Burkert,1.958984453255933,137.0384956596296,1.1664578586345113,4.582672158004189,7,0.6546674511434556,True,159
UGC07399,PseudoIso,0.6584281320946146,108.09598459884509,0.00010200094325426456,1.5596121892445267,7,0.22280174132064667,True,384
UGC07399,Einasto_alpha0.18,8.11582449426544,102.57124680854747,0.0003651251180031897,10.217093222911812,7,1.459584746130259,True,386
UGC07524,GenFT,0.4502487548004651,65.2499591482768,0.8873171820043284,4.629821531039571,28,0.16535076896569897,True,315
UGC07524,NFW,17.173727197287946,192.79065288956883,6.731369107588312e-07,20.605672259154147,28,0.7359168663983624,True,351
UGC07524,Burkert,3.735676185860971,101.37986560136844,0.876931831368633,5.823096957154103,28,0.2079677484697894,True,167
UGC07524,PseudoIso,2.08377499107376,80.19399259774718,0.8425145559436491,8.553694534061686,28,0.3054890905022031,True,249
UGC07524,Einasto_alpha0.18,8.666604911293781,4.815348603593242e-05,1.8765064369667384,79.67629066313589,28,2.8455818093977103,True,209
UGC07559,GenFT,0.1595985591632963,29.133790961513043,1.813898338348421e-05,0.2858036102987297,4,0.07145090257468242,True,333
UGC07559,NFW,8259.66604949817,2377.713789488684,0.21579802918149388,1.6107212868668634,4,0.40268032171671586,True,2036
UGC07559,Burkert,1.3983696920581015,46.32059487335975,3.653464595846299e-06,0.31224966278206884,4,0.07806241569551721,True,240
UGC07559,PseudoIso,0.8748930562274008,38.169914361767994,0.12106991966810965,0.4068376484708808,4,0.1017094121177202,True,240
UGC07559,Einasto_alpha0.18,21.453600207351016,27.849238555772075,5.353454351356715e-05,3.2713815592236246,4,0.8178453898059062,True,395
UGC07577,GenFT,6.985798985263873,339.17731731378694,2.3100369095334366e-07,0.09224505439714767,6,0.015374175732857945,True,457
UGC07577,NFW,16718.92869179247,1839.7310812156923,8.23941096935288e-05,0.7941211395701129,6,0.13235352326168548,True,1331
UGC07577,Burkert,2.0686234790424285,31.664006356211452,4.309695250342489e-06,0.3314704445421275,6,0.05524507409035458,True,444
UGC07577,PseudoIso,1.2571713513823308,25.741741466485212,1.2243127086731653e-06,0.3657565380601963,6,0.060959423010032716,True,216
UGC07577,Einasto_alpha0.18,1.7947835176241844,0.00021759221683172617,0.9058439894572681,2.138326883846201,6,0.3563878139743668,True,174
UGC07603,GenFT,0.16723918216786057,59.386539786838995,0.5027720061570932,1.9418599546878657,9,0.21576221718754063,True,255
UGC07603,NFW,5.483535420631171,151.5020389718485,0.25972013026782903,14.230957750068068,9,1.5812175277853409,True,334
UGC07603,Burkert,1.2157234211378696,92.37644593041387,7.460934622916324e-05,1.3002795642294749,9,0.1444755071366083,True,288
UGC07603,PseudoIso,0.7633560511014947,71.33299813712071,0.5191020165892422,3.108208729880744,9,0.3453565255423049,True,205
UGC07603,Einasto_alpha0.18,10.161143581666568,63.771521727619486,0.027982546515800677,18.82634821970712,9,2.0918164688563468,True,268
UGC07608,GenFT,0.3247518909534237,66.82250721562264,1.0950337084413207e-05,0.47888027181821063,5,0.09577605436364213,True,297
UGC07608,NFW,13649.27821312324,5009.449301615763,1.1794754279466026e-05,2.4526905118595663,5,0.49053810237191325,True,1381
UGC07608,Burkert,2.803063812135879,105.67419632444074,1.1038987649496107e-05,0.3958157990770319,5,0.07916315981540638,True,251
UGC07608,PseudoIso,1.7326223321525775,87.06727075337943,7.937217867430352e-06,0.345033796308814,5,0.06900675926176279,True,249
UGC07608,Einasto_alpha0.18,35.756000340209,61.81174554851978,6.960845494780724e-05,5.87239047346991,5,1.174478094693982,True,319
UGC07690,GenFT,0.11518105591198032,46.83338389561982,0.8087938345414989,0.843605579441718,4,0.2109013948604295,True,302
UGC07690,NFW,1.730515600820092,98.81484653226609,0.7811399163851989,1.651788815179456,4,0.412947203794864,True,184
UGC07690,Burkert,0.647417890631744,76.04480049454662,0.6368956318624989,0.5459201414157345,4,0.13648003535393363,True,192
UGC07690,PseudoIso,0.5511427006123644,48.218137591339584,0.926136673664943,1.287054383817014,4,0.3217635959542535,True,169
UGC07690,Einasto_alpha0.18,2.9460994156036504,45.180000544958446,0.8418391731802037,2.0152468656350777,4,0.5038117164087694,True,179
UGC07866,GenFT,10.508429246342093,554.3972112608735,1.1686055587971855,0.13511344980957024,4,0.03377836245239256,True,334
UGC07866,NFW,9608.119247106115,2258.5607406655663,0.9380172061779436,0.16258187292020798,4,0.040645468230051995,True,2081
UGC07866,Burkert,5692.90003233826,63122.709236285686,1.2629332474834538,0.1574608657014969,4,0.03936521642537422,True,406
UGC07866,PseudoIso,9435.042115795397,147122.08645051942,1.2654483205906266,0.1571954704343007,4,0.03929886760857518,True,449
UGC07866,Einasto_alpha0.18,13.136628637051956,26.79492463731571,0.6123581007812894,0.4552035030330189,4,0.11380087575825472,True,271
UGC08286,GenFT,1.675405827047078,118.73121455170306,1.7356030309120891,24.381960446944312,14,1.7415686033531652,True,197
UGC08286,NFW,8893.796303651772,3227.9498479917843,1.5610417492896653,24.184301969744446,14,1.7274501406960319,True,2301
UGC08286,Burkert,1.6356935764763372,121.21625722537027,2.818004633379452e-05,12.671698506615236,14,0.9051213219010883,True,293
UGC08286,PseudoIso,0.8484622147178096,83.23375689220853,0.8380361677829519,12.377873912947999,14,0.8841338509248571,True,246
UGC08286,Einasto_alpha0.18,18.709743883481018,71.89542148694812,1.2602495402037852,30.88996023772099,14,2.206425731265785,True,216
UGC08490,GenFT,0.37510383125361535,69.2664705214988,1.2836612370095803,4.630356577027412,27,0.17149468803805232,True,248
UGC08490,NFW,3.1179396418652017,158.759983488098,0.6847188762466223,3.1440846065838035,27,0.11644757802162235,True,258
UGC08490,Burkert,2.6512307605588488,105.74085835049553,1.229262800224959,3.220650322938523,27,0.11928334529401938,True,144
UGC08490,PseudoIso,0.9764289864451274,77.77260038749984,1.1199683216304064,4.36193459311772,27,0.16155313307843408,True,174
UGC08490,Einasto_alpha0.18,4.074198296129246,73.9377077982381,0.7072833698605372,6.658960033756367,27,0.24662814939838396,True,213
UGC08550,GenFT,0.3340816400902502,50.89991650906498,1.3239661896462511,2.100761813385534,8,0.26259522667319174,True,261
UGC08550,NFW,9.323058549868456,132.58704702621247,1.0820241172346052,4.672191725209413,8,0.5840239656511766,True,252
UGC08550,Burkert,3.0013307833037115,81.24826029468544,1.338238016500247,2.3551807775437146,8,0.2943975971929643,True,191
UGC08550,PseudoIso,1.785761715202976,66.08532503601009,1.3292582571163543,2.7694102444700097,8,0.3461762805587512,True,205
UGC08550,Einasto_alpha0.18,11.72220756474647,52.618018577794814,0.946712371425555,6.950651866277273,8,0.8688314832846591,True,427
UGC08699,GenFT,0.9691279052196045,145.43837296118312,0.8790648020361516,53.65144682056383,38,1.4118801794885218,True,201
UGC08699,NFW,19.23981560976037,338.16205326221325,0.8334831247885377,28.629180483216444,38,0.7533994864004327,True,224
UGC08699,Burkert,7.52045930810385,221.66115120679865,0.8749976010001026,44.11499528688398,38,1.16092092860221,True,140
UGC08699,PseudoIso,3.514092716954787,167.37745360334594,0.8643276797443873,34.02912071816046,38,0.8955031767936964,True,187
UGC08699,Einasto_alpha0.18,27.005791876620084,155.59827848014135,0.8199789544048716,26.608420510977233,38,0.7002215923941377,True,235
UGC08837,GenFT,0.8571203294763979,78.78374446988437,4.581147614107377e-07,2.0496945712952983,5,0.40993891425905965,True,317
UGC08837,NFW,3.3756872618705893,5.879353435489038e-05,1.162599296785979,42.89867666555088,5,8.579735333110175,True,178
UGC08837,Burkert,6.309944119938937,110.82165682035526,6.363374213048525e-07,1.7728863335820946,5,0.3545772667164189,True,249
UGC08837,PseudoIso,3.8099958329888466,89.49486518117817,1.675461507557427e-06,1.6585768091935058,5,0.33171536183870115,True,240
UGC08837,Einasto_alpha0.18,3.7275413926960237,5.6303451705093746e-06,1.1625993550583265,42.89867666552849,5,8.579735333105699,True,161
UGC09037,GenFT,0.9268940695908248,133.96150005576055,0.39384052582945556,15.225362066879688,19,0.8013348456252467,True,274
UGC09037,NFW,17.91922092556876,326.14446073113777,4.219997010756591e-07,18.86693482803728,19,0.9929965698966989,True,270
UGC09037,Burkert,5.573039600153481,215.90060625571164,3.253395968264957e-05,9.676539161431844,19,0.5092915348122024,True,322
UGC09037,PseudoIso,2.7681057923757093,161.75724084285287,4.086952563821253e-06,9.046425758488729,19,0.47612767149940677,True,349
UGC09037,Einasto_alpha0.18,31.233206472764717,153.8792994581198,7.294918546321631e-05,25.025568983517775,19,1.3171352096588302,True,551
UGC09133,GenFT,3.2435849012576634,197.67871825772568,0.8483773567931037,937.8092284199607,65,14.427834283384012,True,182
UGC09133,NFW,30.520640401917994,427.36084776559585,0.7789839893214041,490.3028206283333,65,7.543120317358974,True,205
UGC09133,Burkert,19.444341971355435,297.6724420540072,0.8296872490676357,668.7531114973202,65,10.28850940765108,True,171
UGC09133,PseudoIso,3.7114313226002578,207.04712468503223,0.7749422001806742,435.29764892036377,65,6.696886906467135,True,186
UGC09133,Einasto_alpha0.18,30.03160553004324,200.37515836737842,0.7544369489441429,466.753207360051,65,7.180818574770016,True,227
UGC09992,GenFT,7.8622794394331335,55.06104232198402,1.289768608278486,0.08509602850989995,2,0.04254801425494997,True,324
UGC09992,NFW,0.9393418337447976,63.96889717307866,0.00023009971276062406,0.031242247335668702,2,0.015621123667834351,True,634
UGC09992,Burkert,2.809900790745476,5.673263130777009e-05,1.2965423455190623,0.08670888641226927,2,0.04335444320613464,True,187
UGC09992,PseudoIso,14072.559563184212,28780.78480582957,1.2898577308879668,0.08469061097427888,2,0.04234530548713944,True,497
UGC09992,Einasto_alpha0.18,8.081257398305087e-05,8.358828965076821,1.2699814549902264,0.06275293821785863,2,0.031376469108929314,True,468
UGC10310,GenFT,0.304448438933669,52.218966220143884,1.1027460072874842,0.35934811395609323,4,0.08983702848902331,True,479
UGC10310,NFW,25483.433141462086,3366.659715813994,1.4428757166594253,0.5757664230376949,4,0.14394160575942372,True,2094
UGC10310,Burkert,2.528931608098994,77.8184707806797,1.150546705796447,0.31423924756626714,4,0.07855981189156679,True,190
UGC10310,PseudoIso,1.8397220055489298,54.947903208981955,1.3330427231577833,0.3643892803871843,4,0.09109732009679608,True,248
UGC10310,Einasto_alpha0.18,43.788762150653945,44.196983489945026,1.3587452171724697,0.863135995406453,4,0.21578399885161326,True,281
UGC11455,GenFT,0.952554802327468,285.76317644361023,0.19945283661914737,71.1260574026379,33,2.155335072807209,True,391
UGC11455,NFW,1338.867709773267,1803.5205934717278,0.7418341589123955,167.28260231320544,33,5.069169767066832,True,636
UGC11455,Burkert,7.049478760751144,397.84622034598,0.3390863210211691,47.52415309977147,33,1.4401258515082263,True,264
UGC11455,PseudoIso,4.345224606494093,258.3050231736218,0.5680006715475701,74.81291139604387,33,2.2670579210922384,True,223
UGC11455,Einasto_alpha0.18,73.45797347566237,220.62177245506558,0.6558193091961115,268.72823014901735,33,8.143279701485374,True,310
UGC11557,GenFT,0.4743527824841506,78.63644241024198,7.65379243929468e-06,3.673006836717015,9,0.408111870746335,True,349
UGC11557,NFW,28461.66512399161,5072.239445472673,0.5046771904612681,11.226196228203069,9,1.2473551364670077,True,1216
UGC11557,Burkert,4.074086204920302,123.26083196190685,3.717041174599827e-07,3.9336784834143828,9,0.43707538704604254,True,321
UGC11557,PseudoIso,2.5376706871448658,98.3575519615951,0.1644621332903735,4.935563596480743,9,0.548395955164527,True,278
UGC11557,Einasto_alpha0.18,6.450880424969016,5.078481501652498e-05,0.7760644171412387,21.361345653468856,9,2.3734828503854284,True,206
UGC11820,GenFT,1.4028870960054083,80.14089005458897,1.5994174710364515,2.9833229549937097,7,0.42618899357053,True,210
UGC11820,NFW,13.994235280367743,165.39325735256284,3.4478131993177674e-11,19.6457429034046,7,2.806534700486371,True,261
UGC11820,Burkert,12.539289038772523,128.31747825846486,1.614857955203452,3.206586696964335,7,0.4580838138520478,True,201
UGC11820,PseudoIso,7.79388254487392,106.5399317225812,1.6042068584471614,3.1613046016411372,7,0.45161494309159106,True,191
UGC11820,Einasto_alpha0.18,29.62696956770677,75.26741628541137,0.013104870740916194,11.24375109211723,7,1.6062501560167473,True,321
UGC11914,GenFT,11.79932735031882,1132.096323968334,0.9186763869928244,238.99292674884143,62,3.8547246249813134,True,255
UGC11914,NFW,106923.45159654613,19701.865824222747,0.90799821425754,317.50088629285324,62,5.120982036981504,True,1497
UGC11914,Burkert,27878.68655489394,516665.6027031656,0.9209472898469654,221.63952872124997,62,3.5748311084072575,True,536
UGC11914,PseudoIso,34049.48242442282,890032.0168810284,0.9211636529588731,221.62986053642604,62,3.5746751699423553,True,506
UGC11914,Einasto_alpha0.18,1.6416818388602565,294.79159193656153,4.991188468043628e-07,188.2059470159341,62,3.035579790579582,True,515
UGC12506,GenFT,3.5808611333671037,151.53988759158688,1.3571861075199732,31.036635028360944,28,1.1084512510128908,True,256
UGC12506,NFW,9.722031862710615,479.5604010899269,0.5422279770644912,4.229778229381293,28,0.15106350819218903,True,224
UGC12506,Burkert,35.175066521054745,249.11496902032053,1.3658220496076567,31.15264108417048,28,1.1125943244346599,True,213
UGC12506,PseudoIso,25.084774986849744,217.2437892040456,1.3731362198747432,31.336705574133585,28,1.1191680562190567,True,239
UGC12506,Einasto_alpha0.18,11.370640748948741,210.1607675630343,0.7061633615099532,4.086828837143846,28,0.14595817275513737,True,253
UGC12632,GenFT,0.5026846445444286,51.07780113299014,1.528999871577212,1.6617042054142954,12,0.13847535045119128,True,296
UGC12632,NFW,22.76621030694811,142.62497372067656,1.5369454026259524,3.0492996653908024,12,0.2541083054492335,True,213
UGC12632,Burkert,2.965568386198791,93.19163529737466,0.9008935059755865,0.8374313433677463,12,0.06978594528064552,True,255
UGC12632,PseudoIso,1.884082177333788,64.97097730583616,1.332837469367878,1.0172069866260725,12,0.08476724888550603,True,233
UGC12632,Einasto_alpha0.18,42.43771727212584,54.35842425607541,1.482942472381973,3.865424502217066,12,0.3221187085180888,True,346
UGC12732,GenFT,1.3845321591091007,87.71750594436307,1.6095338539082529,1.7775298265037334,13,0.13673306357721027,True,218
UGC12732,NFW,52.51444220737059,252.3878557502685,1.2931880828977251,1.7376176962793886,13,0.13366289971379913,True,291
UGC12732,Burkert,12.255281158512627,139.8456541256786,1.6187450001620507,1.8055638252374002,13,0.13888952501826154,True,205
UGC12732,PseudoIso,7.574191638146361,115.74012391709185,1.6125253277714058,1.6800538242186542,13,0.1292349095552811,True,202
UGC12732,Einasto_alpha0.18,28.69028791840522,83.5654080535856,0.7924033745351158,3.3727882525861155,13,0.25944525019893194,True,489
UGCA281,GenFT,0.05774183961705427,27.38643695813939,0.3338629436322874,0.4372868937757226,4,0.10932172344393065,True,397
UGCA281,NFW,6201.408512660408,2480.823281030977,0.9492754736793096,1.8275480332005134,4,0.45688700830012835,True,1359
UGCA281,Burkert,0.518054733302086,41.996561853299696,0.5195685518113644,0.5378546976517862,4,0.13446367441294654,True,213
UGCA281,PseudoIso,0.3558461196841426,32.77916686172903,0.7611661907983417,0.7275902643791174,4,0.18189756609477936,True,183
UGCA281,Einasto_alpha0.18,5.980718059133219,20.552892789817392,0.9773627951923731,5.649131631670183,4,1.4122829079175458,True,412
UGCA442,GenFT,0.33102173714040983,53.75326898218849,0.5640579554255796,2.7515508389504366,5,0.5503101677900873,True,284
UGCA442,NFW,35.57372221809964,198.08571220258364,1.1758476670199354,12.012834750082913,5,2.4025669500165825,True,245
UGCA442,Burkert,2.939389477732143,83.3072860533855,0.9372209397850875,3.7107857666603965,5,0.7421571533320793,True,160
UGCA442,PseudoIso,1.7400776484566305,66.24064015303091,1.0278728937307848,4.813208591567754,5,0.9626417183135508,True,242
UGCA442,Einasto_alpha0.18,25.129035209216585,53.80649060199678,3.1440596383536696e-05,25.16594926985905,5,5.03318985397181,True,269
UGCA444,GenFT,0.5097384658153333,47.25326849858416,3.547022579359037,2.630019235350098,33,0.0796975525863666,True,356
UGCA444,NFW,8943.106155326168,2762.5540121872727,0.0001394873640247525,1.944877715823518,33,0.05893568835828843,True,1720
UGCA444,Burkert,4.752049193436363,77.63197962190385,3.6553170273523286,2.6986398306801624,33,0.08177696456606554,True,318
UGCA444,PseudoIso,3.344568174317197,69.56820366139223,3.7298318674817104,2.7647029452747827,33,0.08377887712953887,True,303
UGCA444,Einasto_alpha0.18,14.217672291547546,29.748425779597866,8.528341518430552e-05,11.328271459190635,33,0.3432809533088071,True,363
