model,r_scale,V0,chi2,dof,chi2_dof,success,nfev,galaxy,rank
GenFT,0.8838666436069207,71.09719424559296,0.4468738136398702,7,0.06383911623426718,True,128,CamB_rotmod,3.0
NFW,24326.49781467652,2753.692770458999,20.079124624529722,7,2.8684463749328173,True,664,CamB_rotmod,4.0
Burkert,5.806152813292027,91.24444113064094,0.1614100360079583,7,0.02305857657256547,True,114,CamB_rotmod,2.0
PseudoIso,2.869503831001107,61.80384110224371,0.12216024913361893,7,0.01745146416194556,True,113,CamB_rotmod,1.0
Einasto_alpha0.18,18.95689630725812,15.36860631741168,36.16259309810381,7,5.166084728300545,True,153,CamB_rotmod,5.0
GenFT,0.16883765126365022,37.11813021950638,0.058965727014049375,2,0.029482863507024688,True,114,D512-2_rotmod,1.0
NFW,7.1373550955191805,102.02835991330986,1.0242763871330824,2,0.5121381935665412,True,123,D512-2_rotmod,4.0
Burkert,1.4326369951769942,58.013166321258566,0.17243444275932118,2,0.08621722137966059,True,89,D512-2_rotmod,2.0
PseudoIso,0.8390089597685852,46.41765853833144,0.4163607291214721,2,0.20818036456073605,True,125,D512-2_rotmod,3.0
Einasto_alpha0.18,16.415475228005775,39.53016294914674,1.2343306930853015,2,0.6171653465426508,True,147,D512-2_rotmod,5.0
GenFT,0.19625944322041788,25.601053910242314,0.14381999020908134,4,0.035954997552270336,True,134,D564-8_rotmod,3.0
NFW,12875.847473804188,2380.7382332546977,2.86607806646076,4,0.71651951661519,True,1122,D564-8_rotmod,4.0
Burkert,1.6990494143283776,40.51249660476479,0.09580497503060956,4,0.02395124375765239,True,108,D564-8_rotmod,1.0
PseudoIso,1.0480178087006276,33.29958866932435,0.12825025998441456,4,0.03206256499610364,True,109,D564-8_rotmod,2.0
Einasto_alpha0.18,20.30206242802774,23.982641088195678,7.954881826192378,4,1.9887204565480945,True,146,D564-8_rotmod,5.0
GenFT,0.44365225749415005,60.332466869538905,3.255404434421276,14,0.23252888817294828,True,144,D631-7_rotmod,1.0
NFW,37642.54919560172,6466.688274008915,33.763778736307955,14,2.411698481164854,True,933,D631-7_rotmod,4.0
Burkert,3.819816300963775,95.19121031134266,3.8065377175158024,14,0.27189555125112874,True,105,D631-7_rotmod,2.0
PseudoIso,2.3295995998122025,78.00199683825858,3.894617561923406,14,0.2781869687088147,True,86,D631-7_rotmod,3.0
Einasto_alpha0.18,53.31627107877104,57.061813318385404,101.4719868711622,14,7.247999062225872,True,165,D631-7_rotmod,5.0
GenFT,0.2420623385456407,57.406662370882216,4.786701414693035,12,0.3988917845577529,True,115,DDO064_rotmod,1.0
NFW,18419.83150314809,5774.529442671892,10.890181790386025,12,0.9075151491988355,True,680,DDO064_rotmod,4.0
Burkert,2.106870249080106,91.0777412824806,4.8187302919418995,12,0.401560857661825,True,105,DDO064_rotmod,2.0
PseudoIso,1.3667209883150142,77.22475897852755,5.024114117835523,12,0.41867617648629357,True,104,DDO064_rotmod,3.0
Einasto_alpha0.18,14.644000974666831,45.9194188815564,23.612185509794873,12,1.9676821258162394,True,143,DDO064_rotmod,5.0
GenFT,0.2800898227240987,48.250801994749835,10.618953562918723,10,1.0618953562918723,True,131,DDO154_rotmod,1.0
NFW,12.237258290788063,138.17301165305915,140.25417477153425,10,14.025417477153425,True,126,DDO154_rotmod,4.0
Burkert,2.3959777184115034,76.0694796529848,20.796615369009196,10,2.0796615369009195,True,103,DDO154_rotmod,2.0
PseudoIso,1.3868473587900783,61.13827137284079,40.986073919252384,10,4.098607391925238,True,101,DDO154_rotmod,3.0
Einasto_alpha0.18,29.48148510731653,52.24341728499266,183.5238922492017,10,18.35238922492017,True,128,DDO154_rotmod,5.0
GenFT,0.6303738203131812,66.43027933320238,28.749505952767528,29,0.991362274233363,True,120,DDO161_rotmod,2.0
NFW,20.48272753567148,168.82511285291127,39.62724067907404,29,1.3664565751404842,True,123,DDO161_rotmod,4.0
Burkert,5.087428534549383,102.66214653601213,30.547010516663743,29,1.0533451902297843,True,103,DDO161_rotmod,3.0
PseudoIso,2.6097134475612007,79.03922907135603,27.459283846999522,29,0.9468718567930869,True,101,DDO161_rotmod,1.0
Einasto_alpha0.18,42.59453120923784,68.71319568144924,62.269622077667414,29,2.1472283475057727,True,113,DDO161_rotmod,5.0
GenFT,0.28059839825484983,60.140263000015665,21.99089329766,8,2.7488616622075,True,119,DDO168_rotmod,1.0
NFW,27862.15136081913,7022.84537441053,51.946341409555316,8,6.4932926761944145,True,1223,DDO168_rotmod,4.0
Burkert,2.491412977996373,96.31424592720892,22.479864836448115,8,2.8099831045560144,True,98,DDO168_rotmod,2.0
PseudoIso,1.585379680106094,80.62826603921042,24.875253945113187,8,3.1094067431391483,True,104,DDO168_rotmod,3.0
Einasto_alpha0.18,32.64253177474322,55.23403650947917,94.09602937972683,8,11.762003672465854,True,148,DDO168_rotmod,5.0
GenFT,0.5081419902168056,60.99166679073954,10.241196043597395,6,1.7068660072662325,True,135,DDO170_rotmod,3.0
NFW,11.68471132604375,141.0350934913854,16.762806559698188,6,2.7938010932830313,True,120,DDO170_rotmod,4.0
Burkert,3.977958659571386,93.24434543448453,4.465277821315924,6,0.7442129702193206,True,97,DDO170_rotmod,1.0
PseudoIso,1.9848507773614623,70.94561460431555,7.332957863029007,6,1.2221596438381679,True,99,DDO170_rotmod,2.0
Einasto_alpha0.18,19.173251170572374,62.73120876911388,21.489362039585924,6,3.5815603399309874,True,111,DDO170_rotmod,5.0
GenFT,0.8611181895781423,178.8112642207007,9.303256022785547,13,0.7156350786758113,True,119,ESO079-G014_rotmod,1.0
NFW,44.93203079327813,529.9088099030392,66.85798054969239,13,5.142921580745568,True,130,ESO079-G014_rotmod,4.0
Burkert,7.280660654524183,279.8875024788163,12.680409888810843,13,0.9754161452931418,True,104,ESO079-G014_rotmod,2.0
PseudoIso,4.239916558278679,223.47865902896226,21.80243167956786,13,1.6771101291975277,True,97,ESO079-G014_rotmod,3.0
Einasto_alpha0.18,80.392577074489,182.77452938559927,96.53585693214949,13,7.425835148626883,True,150,ESO079-G014_rotmod,5.0
GenFT,0.3675523810127793,110.19128135524096,18.960231773608687,13,1.4584793672006682,True,128,ESO116-G012_rotmod,3.0
NFW,13.328463535012268,279.60230148581616,34.82689966308416,13,2.678992281775705,True,121,ESO116-G012_rotmod,4.0
Burkert,2.91405915596227,168.39239879893546,16.971974801369434,13,1.3055365231822642,True,95,ESO116-G012_rotmod,1.0
PseudoIso,1.535972550453997,128.93761756964756,18.012668448216516,13,1.3855898806320397,True,110,ESO116-G012_rotmod,2.0
Einasto_alpha0.18,29.620150617298883,117.36896151590788,56.978653241532136,13,4.382973326271703,True,136,ESO116-G012_rotmod,5.0
GenFT,0.1696210848438042,62.20430139952906,9.306806893893818,5,1.8613613787787635,True,121,ESO444-G084_rotmod,4.0
NFW,8.226345062414708,177.40163205734223,6.607803764384142,5,1.3215607528768285,True,119,ESO444-G084_rotmod,2.0
Burkert,1.3136535871650656,94.99025791804142,8.295576030009265,5,1.659115206001853,True,93,ESO444-G084_rotmod,3.0
PseudoIso,0.654568308806564,72.36832645485963,3.906876050753253,5,0.7813752101506506,True,114,ESO444-G084_rotmod,1.0
Einasto_alpha0.18,15.494266785756857,67.91618975782387,15.702250059010902,5,3.1404500118021805,True,126,ESO444-G084_rotmod,5.0
GenFT,1.0050595238928324,341.5613429325656,201.91705293286617,28,7.211323319030934,True,125,ESO563-G021_rotmod,2.0
NFW,25.215824793433214,732.1391592874813,811.6329836092052,28,28.98689227175733,True,113,ESO563-G021_rotmod,4.0
Burkert,7.60608202915775,500.3259312399018,192.9732711291109,28,6.89190254032539,True,99,ESO563-G021_rotmod,1.0
PseudoIso,3.935499407643534,370.91449922794186,386.38283776620625,28,13.799387063078795,True,120,ESO563-G021_rotmod,3.0
Einasto_alpha0.18,44.474403402100805,345.6847304244984,991.1205982582502,28,35.39716422350894,True,134,ESO563-G021_rotmod,5.0
GenFT,0.3933974759485084,50.47267823879678,0.1731693482638695,4,0.04329233706596738,True,131,F561-1_rotmod,2.0
NFW,9.573005269842746,117.63300539030928,0.7144410763350472,4,0.1786102690837618,True,130,F561-1_rotmod,4.0
Burkert,3.1078790776791148,77.20769924721256,0.11611376347176072,4,0.02902844086794018,True,87,F561-1_rotmod,1.0
PseudoIso,1.5991598577299588,59.04166942763776,0.30646934808476994,4,0.07661733702119249,True,110,F561-1_rotmod,3.0
Einasto_alpha0.18,17.394274947413578,52.17217264713983,0.9017345855026686,4,0.22543364637566715,True,102,F561-1_rotmod,5.0
GenFT,0.5685609978441721,112.82955168236572,12.73224458495405,15,0.8488163056636033,True,137,F563-1_rotmod,3.0
NFW,18.209256889841622,256.5488542644849,16.01839446409506,15,1.067892964273004,True,116,F563-1_rotmod,4.0
Burkert,4.157239835110838,166.22855446246732,8.098324066253962,15,0.5398882710835975,True,94,F563-1_rotmod,2.0
PseudoIso,2.1570225292419036,122.59086057126457,7.695298066795221,15,0.5130198711196814,True,104,F563-1_rotmod,1.0
Einasto_alpha0.18,31.9777165699303,114.3508653820115,18.896642895317047,15,1.2597761930211364,True,175,F563-1_rotmod,5.0
GenFT,0.32664718751203814,28.922692182565626,0.4986250894787707,4,0.12465627236969268,True,123,F563-V1_rotmod,1.0
NFW,11.690976321869964,73.6866903007863,1.8245921807920882,4,0.45614804519802205,True,109,F563-V1_rotmod,4.0
Burkert,2.7772659024715347,44.90014882410752,0.6973574980171726,4,0.17433937450429315,True,85,F563-V1_rotmod,2.0
PseudoIso,1.6324944124034992,35.60795985693518,1.0414543278993587,4,0.26036358197483966,True,96,F563-V1_rotmod,3.0
Einasto_alpha0.18,26.1262190493163,30.264013401213095,2.055475143433469,4,0.5138687858583673,True,132,F563-V1_rotmod,5.0
GenFT,0.35028866941502973,118.55787404861259,1.1188120881015027,8,0.13985151101268783,True,124,F563-V2_rotmod,1.0
NFW,30.368285911908565,391.7725843424079,10.869721733759707,8,1.3587152167199634,True,127,F563-V2_rotmod,4.0
Burkert,2.881721126022311,181.91191415427505,1.2071489051519229,8,0.15089361314399036,True,100,F563-V2_rotmod,2.0
PseudoIso,1.677473959435376,142.7231243679065,2.0495298491408156,8,0.25619123114260195,True,100,F563-V2_rotmod,3.0
Einasto_alpha0.18,33.17456866450664,123.09849858570053,18.435413895946866,8,2.304426736993358,True,149,F563-V2_rotmod,5.0
GenFT,0.6156106886959305,86.14482045427803,0.2597358420710638,5,0.05194716841421276,True,124,F565-V2_rotmod,3.0
NFW,21392.12179406682,5923.950061843856,1.9577929608271143,5,0.3915585921654229,True,1561,F565-V2_rotmod,4.0
Burkert,5.377697475927053,136.89765148129305,0.19869803864527869,5,0.039739607729055736,True,121,F565-V2_rotmod,1.0
PseudoIso,3.337970541988349,113.04376216211978,0.2079318181454379,5,0.04158636362908758,True,93,F565-V2_rotmod,2.0
Einasto_alpha0.18,75.08760069937395,81.25659417553608,4.474133869562433,5,0.8948267739124866,True,144,F565-V2_rotmod,5.0
GenFT,0.3537682459711945,50.109605886013114,0.7705588574378835,3,0.2568529524792945,True,128,F567-2_rotmod,2.0
NFW,9.111109187866784,118.85387643485396,1.474007162836003,3,0.49133572094533434,True,133,F567-2_rotmod,4.0
Burkert,2.863150630265227,77.15170043117357,0.7476342981196074,3,0.24921143270653578,True,82,F567-2_rotmod,1.0
PseudoIso,1.5762008443673554,60.21042382494565,1.0220724557337935,3,0.34069081857793115,True,102,F567-2_rotmod,3.0
Einasto_alpha0.18,16.429522162989826,53.192304138091465,1.6387528858109321,3,0.5462509619369774,True,125,F567-2_rotmod,5.0
GenFT,0.49108817464701066,131.15735412961607,1.0575309406799813,10,0.10575309406799813,True,125,F568-1_rotmod,3.0
NFW,43.328811364541295,459.90384251993135,7.966861783344431,10,0.7966861783344431,True,148,F568-1_rotmod,4.0
Burkert,4.07664617748889,203.4406886032143,0.5652128999650459,10,0.05652128999650459,True,101,F568-1_rotmod,1.0
PseudoIso,2.3657994255937744,161.1881538196319,0.649909752731323,10,0.0649909752731323,True,105,F568-1_rotmod,2.0
Einasto_alpha0.18,52.13146504926136,142.26499512322272,15.316869831467022,10,1.5316869831467022,True,154,F568-1_rotmod,5.0
GenFT,0.7604627725434945,111.9606541290207,15.29706183822588,16,0.9560663648891174,True,119,F568-3_rotmod,3.0
NFW,55314.379906109025,10034.078509285719,55.5171186763611,16,3.4698199172725688,True,816,F568-3_rotmod,4.0
Burkert,6.384965856057612,174.3955807812083,12.770739623478995,16,0.7981712264674372,True,100,F568-3_rotmod,1.0
PseudoIso,3.9054615627395823,141.77568802578537,12.82523696751177,16,0.8015773104694857,True,87,F568-3_rotmod,2.0
Einasto_alpha0.18,71.6543380375742,102.51203469314049,101.5832113076309,16,6.3489507067269315,True,162,F568-3_rotmod,5.0
GenFT,0.40604287197436273,117.54189393620341,2.5859710024286446,13,0.19892084634066498,True,116,F568-V1_rotmod,3.0
NFW,8.48938601620738,261.7503323961728,2.618431664592633,13,0.20141782035327946,True,140,F568-V1_rotmod,4.0
Burkert,3.0754348637106244,176.7895359227267,0.6297201113049901,13,0.048440008561922314,True,92,F568-V1_rotmod,1.0
PseudoIso,1.4632079674849887,132.1670615263061,1.4720261572181719,13,0.11323278132447476,True,109,F568-V1_rotmod,2.0
Einasto_alpha0.18,12.870450162165248,124.84332677256975,3.8150639948434253,13,0.29346646114180197,True,99,F568-V1_rotmod,5.0
GenFT,0.5905787695098166,139.37275677544736,25.14525105201446,11,2.2859319138194962,True,119,F571-8_rotmod,4.0
NFW,30.815625435377274,403.2608966107657,16.04934284081982,11,1.4590311673472562,True,126,F571-8_rotmod,2.0
Burkert,4.572686013685699,211.56503452765384,22.10242267198077,11,2.0093111519982516,True,102,F571-8_rotmod,3.0
PseudoIso,2.377185971947878,162.07495879786032,15.241805717949065,11,1.3856187016317332,True,95,F571-8_rotmod,1.0
Einasto_alpha0.18,46.48280043138243,147.83141120400083,48.27202592633217,11,4.388365993302925,True,155,F571-8_rotmod,5.0
GenFT,0.617819112282782,84.17018129133696,0.1295719607533211,5,0.025914392150664222,True,142,F571-V1_rotmod,1.0
NFW,21.226021485271982,216.1608297333346,2.141698521197114,5,0.42833970423942275,True,127,F571-V1_rotmod,4.0
Burkert,5.056909036640983,130.285445821807,0.16059929507804432,5,0.03211985901560886,True,94,F571-V1_rotmod,2.0
PseudoIso,2.8069715677741245,102.13049442004339,0.5117367237328219,5,0.10234734474656437,True,100,F571-V1_rotmod,3.0
Einasto_alpha0.18,46.64960075942673,87.73455273211658,2.6953442842765782,5,0.5390688568553157,True,125,F571-V1_rotmod,5.0
GenFT,0.4544234209446432,98.3575942107974,4.924249311325127,12,0.4103541092770939,True,113,F574-1_rotmod,3.0
NFW,15.843253263977893,245.27615573964255,19.21012339640956,12,1.6008436163674633,True,114,F574-1_rotmod,4.0
Burkert,3.509320666470048,149.27366926153195,1.16385567532841,12,0.09698797294403416,True,91,F574-1_rotmod,1.0
PseudoIso,1.8433058380849663,113.85392209386515,1.2139835089180224,12,0.1011652924098352,True,103,F574-1_rotmod,2.0
Einasto_alpha0.18,28.008866932244075,103.31733036910249,29.215949798899956,12,2.434662483241663,True,140,F574-1_rotmod,5.0
GenFT,1.1184479509899523,47.70261643543034,0.0033392070557823196,3,0.0011130690185941065,True,126,F574-2_rotmod,3.0
NFW,109069.86501122007,5526.719892966652,0.299197794556295,3,0.09973259818543168,True,892,F574-2_rotmod,4.0
Burkert,9.584600985907105,74.99068897647174,0.002914735318460798,3,0.0009715784394869327,True,107,F574-2_rotmod,1.0
PseudoIso,6.053454815825237,62.641045111319315,0.0032782156864448104,3,0.0010927385621482702,True,98,F574-2_rotmod,2.0
Einasto_alpha0.18,129.31753433679424,37.16495852759722,0.850314785592148,3,0.28343826186404936,True,172,F574-2_rotmod,5.0
GenFT,0.26143715702133896,118.8789148842713,14.190068038124469,12,1.1825056698437058,True,152,F579-V1_rotmod,5.0
NFW,5.17530650419749,244.56102842127146,2.4753768615336864,12,0.2062814051278072,True,117,F579-V1_rotmod,2.0
Burkert,1.9412756408220813,173.62514109055417,5.382986781294701,12,0.4485822317745584,True,93,F579-V1_rotmod,4.0
PseudoIso,0.6920115434717358,118.86815905381391,0.3209533047998755,12,0.02674610873332296,True,107,F579-V1_rotmod,1.0
Einasto_alpha0.18,7.181770472675758,115.3496902510729,3.673587931003634,12,0.3061323275836362,True,112,F579-V1_rotmod,3.0
GenFT,0.6043674901255414,87.26435027338238,2.868249198209552,23,0.12470648687867616,True,112,F583-1_rotmod,2.0
NFW,37.72481014705484,264.7814507084527,33.3804022931217,23,1.4513218388313782,True,119,F583-1_rotmod,4.0
Burkert,4.899297493271874,132.98357947643944,2.4352662787858113,23,0.10588114255590483,True,100,F583-1_rotmod,1.0
PseudoIso,2.8324906657340674,105.18718438501627,4.178129107967429,23,0.1816577873029317,True,92,F583-1_rotmod,3.0
Einasto_alpha0.18,53.79428955850039,90.05784566057004,52.51001372617946,23,2.2830440750512806,True,175,F583-1_rotmod,5.0
GenFT,0.3094244902024197,63.973337663450955,7.1144707486750685,10,0.7114470748675068,True,128,F583-4_rotmod,5.0
NFW,18.863003023515574,195.07158026950395,2.283643935100276,10,0.2283643935100276,True,125,F583-4_rotmod,1.0
Burkert,2.2916995330098997,97.50432030235405,5.130799976546424,10,0.5130799976546424,True,85,F583-4_rotmod,3.0
PseudoIso,1.1954765763984505,74.7163505888329,2.841475576779573,10,0.2841475576779573,True,114,F583-4_rotmod,2.0
Einasto_alpha0.18,26.065732493975364,67.21979633217529,5.770187964944733,10,0.5770187964944733,True,132,F583-4_rotmod,4.0
GenFT,0.9937144871425707,74.16417793987591,105.69062214346259,32,3.302831941983206,True,151,IC2574_rotmod,1.0
NFW,61807.84666427328,6414.432255172451,1433.1770065852959,32,44.786781455790496,True,632,IC2574_rotmod,4.0
Burkert,7.717378086032013,109.60898116609003,141.41876411274126,32,4.419336378523164,True,129,IC2574_rotmod,2.0
PseudoIso,4.531901858929399,87.75401045997134,159.21534745120127,32,4.97547960785004,True,109,IC2574_rotmod,3.0
Einasto_alpha0.18,50.654333808901086,49.92076686718018,3551.496880525676,32,110.98427751642737,True,146,IC2574_rotmod,5.0
GenFT,0.6019560982545124,256.9630325203111,158.73387947423473,30,5.291129315807824,True,127,IC4202_rotmod,2.0
NFW,13.434498806123557,557.9494962924005,520.196555392865,30,17.339885179762167,True,122,IC4202_rotmod,4.0
Burkert,4.439573714033642,379.9667709975855,71.57598568833812,30,2.3858661896112707,True,98,IC4202_rotmod,1.0
PseudoIso,2.1617929494530346,280.4361626025899,192.47563707758005,30,6.4158545692526685,True,130,IC4202_rotmod,3.0
Einasto_alpha0.18,23.012001646415023,267.26433308789274,680.7611274349184,30,22.692037581163948,True,132,IC4202_rotmod,5.0
GenFT,0.3329104924196272,44.523808574278924,8.717231180481487,13,0.6705562446524221,True,111,KK98-251_rotmod,3.0
NFW,31154.13158513554,4833.532708407564,45.1966468614363,13,3.476665143187408,True,772,KK98-251_rotmod,4.0
Burkert,2.8254159178618563,69.61324831351357,7.460799165424608,13,0.5739076281095852,True,99,KK98-251_rotmod,2.0
PseudoIso,1.819480843510692,58.849950808627085,7.065548952836745,13,0.5435037656028265,True,103,KK98-251_rotmod,1.0
Einasto_alpha0.18,24.433266855999772,31.1522097060978,90.84376769741336,13,6.987982130570258,True,136,KK98-251_rotmod,5.0
GenFT,0.18962912920841002,121.17564752102575,18.10396900672205,27,0.6705173706193351,True,112,NGC0024_rotmod,3.0
NFW,3.4751890026151693,234.02564257158912,35.60684672154635,27,1.3187721007980129,True,113,NGC0024_rotmod,4.0
Burkert,1.3927584604306742,173.0142049621697,15.018789604132598,27,0.5562514668197258,True,95,NGC0024_rotmod,1.0
PseudoIso,0.5140065479057878,113.94712210083995,15.502706242815199,27,0.5741743052894518,True,100,NGC0024_rotmod,2.0
Einasto_alpha0.18,4.788866593962907,108.97589030802484,49.103529856434676,27,1.8186492539420251,True,105,NGC0024_rotmod,5.0
GenFT,0.590011408863826,87.38526410764003,3.9985489311567677,19,0.21044994374509304,True,121,NGC0055_rotmod,1.0
NFW,33.613230526523864,268.6375135820687,69.29055252400342,19,3.6468711854738642,True,129,NGC0055_rotmod,4.0
Burkert,4.943320971583217,136.0133237363109,6.001190266026062,19,0.31585211926452955,True,108,NGC0055_rotmod,2.0
PseudoIso,2.90130514600818,109.23184083741972,13.049529119627742,19,0.6868173220856706,True,102,NGC0055_rotmod,3.0
Einasto_alpha0.18,58.85026570119001,93.08741386020864,99.67747646367965,19,5.246182971772614,True,145,NGC0055_rotmod,5.0
GenFT,0.41077302791801756,86.31095631619769,2.8747911678332665,19,0.15130479830701402,True,132,NGC0100_rotmod,3.0
NFW,25.710689156506184,270.8333760221815,20.60314391155393,19,1.0843759953449437,True,120,NGC0100_rotmod,4.0
Burkert,3.398254869614303,133.77871259954767,1.8286560393288882,19,0.09624505470152044,True,99,NGC0100_rotmod,1.0
PseudoIso,1.9488477081029258,106.10911592081072,1.993092669616009,19,0.10489961419031626,True,99,NGC0100_rotmod,2.0
Einasto_alpha0.18,41.119400322043525,91.36124347814074,37.08486406007391,19,1.951834950530206,True,146,NGC0100_rotmod,5.0
GenFT,0.4352674211166932,90.79317443850934,210.0664144879713,24,8.752767270332138,True,123,NGC0247_rotmod,5.0
NFW,27.219548303834706,283.5204678865467,52.81932350453329,24,2.2008051460222204,True,125,NGC0247_rotmod,1.0
Burkert,3.329592205454731,136.13184660442565,159.30280478490337,24,6.63761686603764,True,104,NGC0247_rotmod,4.0
PseudoIso,1.7848360534878696,105.11733724514244,78.97832869189435,24,3.2907636954955977,True,115,NGC0247_rotmod,2.0
Einasto_alpha0.18,48.11600329901977,105.34084811130651,114.90952286135625,24,4.787896785889844,True,179,NGC0247_rotmod,3.0
GenFT,1.1376647670765152,190.07478484485722,324.12338085925677,26,12.466283879202184,True,142,NGC0289_rotmod,5.0
NFW,9.290012641003838,388.6324910293778,103.60955920444846,26,3.984983046324941,True,107,NGC0289_rotmod,3.0
Burkert,5.705334477710401,281.5254668203519,164.40108853514857,26,6.323118789813407,True,101,NGC0289_rotmod,4.0
PseudoIso,2.4122300764998824e-09,173.78557298643352,67.6452750869357,26,2.601741349497527,True,185,NGC0289_rotmod,1.0
Einasto_alpha0.18,9.652210580262814,179.47461734669332,90.9170342407124,26,3.496809009258169,True,95,NGC0289_rotmod,2.0
GenFT,0.41165938549144,95.09971502069055,27.0984893051387,23,1.1781951871799434,True,121,NGC0300_rotmod,5.0
NFW,12.77895396845009,226.75252659671133,15.01132454059029,23,0.652666284373491,True,113,NGC0300_rotmod,2.0
Burkert,3.197288452323374,143.4902940042117,17.109610071189923,23,0.7438960900517358,True,91,NGC0300_rotmod,3.0
PseudoIso,1.630723977366915,107.98906011266251,8.813801932862996,23,0.38320877968969547,True,105,NGC0300_rotmod,1.0
Einasto_alpha0.18,27.123403041414356,99.58522265200541,20.254005058490495,23,0.8806089155865433,True,127,NGC0300_rotmod,4.0
GenFT,0.8745518963535792,251.50089570351605,1626.1513058414487,11,147.83193689467714,True,159,NGC0801_rotmod,5.0
NFW,5.615573041701137,524.7098170934703,145.34529166914746,11,13.21320833355886,True,117,NGC0801_rotmod,2.0
Burkert,2.6402749074304377,410.7689924750355,234.39244651659206,11,21.308404228781097,True,98,NGC0801_rotmod,4.0
PseudoIso,0.5390017707546313,225.0898735501148,159.36948426822113,11,14.488134933474647,True,123,NGC0801_rotmod,3.0
Einasto_alpha0.18,6.598478523390826,236.3008838100494,145.16581584336967,11,13.196892349397244,True,124,NGC0801_rotmod,1.0
GenFT,0.38159884023416724,236.9581715303877,275.5276767803611,16,17.22047979877257,True,131,NGC0891_rotmod,5.0
NFW,3.031281616975507,490.6530790870996,48.92982007283925,16,3.058113754552453,True,108,NGC0891_rotmod,3.0
Burkert,1.978191364002818,353.08007524490927,128.47012385259006,16,8.029382740786879,True,102,NGC0891_rotmod,4.0
PseudoIso,7.316863991428339e-09,221.42351379054907,46.828614664462755,16,2.926788416528922,True,193,NGC0891_rotmod,2.0
Einasto_alpha0.18,3.022713573071151,227.1970947077893,36.67376837896426,16,2.2921105236852664,True,104,NGC0891_rotmod,1.0
GenFT,0.9601438284422306,111.59576666206614,692.0520493168526,34,20.35447203873096,True,119,NGC1003_rotmod,5.0
NFW,14.503460342191907,236.16733792346452,158.6871558960161,34,4.667269291059297,True,116,NGC1003_rotmod,3.0
Burkert,5.934338749759678,164.355281233962,398.9010067653363,34,11.732382551921656,True,96,NGC1003_rotmod,4.0
PseudoIso,1.8791554280510416,114.56500724293875,131.7552054081334,34,3.875153100239218,True,114,NGC1003_rotmod,2.0
Einasto_alpha0.18,19.166516362703057,110.80646145586317,124.59850536436562,34,3.6646619224813417,True,85,NGC1003_rotmod,1.0
GenFT,0.5166644809863002,186.74874216072925,155.4528579208537,22,7.06603899640244,True,148,NGC1090_rotmod,5.0
NFW,8.459437084587195,357.0444249738423,70.8243716656718,22,3.2192896211669004,True,111,NGC1090_rotmod,2.0
Burkert,3.936217254634758,262.525969202177,24.6961655276504,22,1.1225529785295636,True,100,NGC1090_rotmod,1.0
PseudoIso,1.2957139693728752,172.84555715301434,103.22621534936937,22,4.692100697698607,True,113,NGC1090_rotmod,3.0
Einasto_alpha0.18,10.281749097405998,165.17484472988122,119.51977838255797,22,5.432717199207181,True,90,NGC1090_rotmod,4.0
GenFT,0.09013961521489637,77.07114868586469,21.501095123879875,12,1.7917579269899895,True,133,NGC1705_rotmod,5.0
NFW,0.9780993460159664,157.99772162911722,1.4332618701928648,12,0.11943848918273874,True,98,NGC1705_rotmod,2.0
Burkert,0.5112711468087581,114.86206751831656,9.55799995723147,12,0.7964999964359558,True,102,NGC1705_rotmod,4.0
PseudoIso,0.09707421578693734,74.40213964695059,2.0056132297892706,12,0.16713443581577256,True,148,NGC1705_rotmod,3.0
Einasto_alpha0.18,1.0786222235367315,73.04187392022268,0.9652063360674992,12,0.08043386133895826,True,95,NGC1705_rotmod,1.0
GenFT,0.2623808120589234,52.737228230820534,14.017651661620816,24,0.5840688192342006,True,121,NGC2366_rotmod,1.0
NFW,27.369675442491292,205.70460019393536,110.39945058090919,24,4.599977107537883,True,126,NGC2366_rotmod,4.0
Burkert,2.2669845668124644,83.16303859251931,16.619266518198703,24,0.6924694382582793,True,98,NGC2366_rotmod,2.0
PseudoIso,1.3757757219387585,67.59665943710931,25.140952312072343,24,1.047539679669681,True,88,NGC2366_rotmod,3.0
Einasto_alpha0.18,23.48669969279417,55.67802391697336,183.67891455536352,24,7.65328810647348,True,156,NGC2366_rotmod,5.0
GenFT,0.3577373925440698,132.5676275994075,11631.896146860257,71,163.8295231952149,True,115,NGC2403_rotmod,5.0
NFW,5.706302349941108,279.3496168376189,592.3650131447821,71,8.343169199222283,True,108,NGC2403_rotmod,1.0
Burkert,2.2103900988137726,196.7853348521774,4865.251613862641,71,68.52467061778367,True,87,NGC2403_rotmod,4.0
PseudoIso,0.7509128859591523,136.34234003577785,866.0285264441784,71,12.197584879495471,True,102,NGC2403_rotmod,3.0
Einasto_alpha0.18,7.771250224306088,132.15883009301245,766.3611692514572,71,10.793819285231791,True,102,NGC2403_rotmod,2.0
GenFT,0.5403593344870705,207.02248403355074,126.96519974910368,9,14.107244416567076,True,133,NGC2683_rotmod,5.0
NFW,2.0852248607898165,451.7128561507201,12.063616672428203,9,1.3404018524920227,True,113,NGC2683_rotmod,3.0
Burkert,1.6697603450246734,320.6982218190638,7.855794576726803,9,0.8728660640807558,True,108,NGC2683_rotmod,1.0
PseudoIso,9.61925702755769e-11,191.31094023739522,87.74931590784415,9,9.749923989760461,True,258,NGC2683_rotmod,4.0
Einasto_alpha0.18,2.0012702741968376,208.90625190931107,12.056355984405888,9,1.339595109378432,True,102,NGC2683_rotmod,2.0
GenFT,0.9235082665307479,329.20305038921185,2578.948541225604,48,53.72809460886675,True,138,NGC2841_rotmod,5.0
NFW,5.304719310900657,690.3243144650348,231.32572105516877,48,4.819285855316016,True,120,NGC2841_rotmod,2.0
Burkert,3.5171969152519065,506.62469786071244,409.5562936286274,48,8.532422783929738,True,104,NGC2841_rotmod,3.0
PseudoIso,1.2547470916231427e-10,290.4903392345326,460.1732981285771,48,9.586943711012022,True,205,NGC2841_rotmod,4.0
Einasto_alpha0.18,5.453048603654856,317.56312661134206,229.09843462374172,48,4.772884054661286,True,98,NGC2841_rotmod,1.0
GenFT,0.3682194214287888,209.59281537769695,1404.9486294609426,32,43.904644670654456,True,136,NGC2903_rotmod,5.0
NFW,2.6026663840341997,444.5567149369797,247.8717489625058,32,7.745992155078306,True,110,NGC2903_rotmod,2.0
Burkert,1.619033007279762,322.9141926865965,175.32933472416448,32,5.47904171013014,True,105,NGC2903_rotmod,1.0
PseudoIso,0.2639803645612112,203.55534529341912,924.1604873501133,32,28.88001522969104,True,126,NGC2903_rotmod,4.0
Einasto_alpha0.18,2.68545879772275,205.23892309619401,336.7743965754322,32,10.524199892982256,True,103,NGC2903_rotmod,3.0
GenFT,0.27668337462109727,86.49740723933694,16.440310884194492,28,0.5871539601498033,True,119,NGC2915_rotmod,3.0
NFW,4.4906548117385245,180.74412503999878,16.594029398634103,28,0.5926439070940751,True,117,NGC2915_rotmod,4.0
Burkert,1.845761313785479,127.83756662660134,8.507026812881021,28,0.30382238617432217,True,92,NGC2915_rotmod,1.0
PseudoIso,0.7736794081186569,90.79801968276684,11.512003066695183,28,0.4111429666676851,True,104,NGC2915_rotmod,2.0
Einasto_alpha0.18,6.306609276734225,85.1542504771808,20.101840902596425,28,0.7179228893784437,True,109,NGC2915_rotmod,5.0
GenFT,0.4906655052483661,301.03229306445735,1620.6545855686581,22,73.6661175258481,True,160,NGC2955_rotmod,5.0
NFW,3.788933242999132,575.3566678852707,59.95221676192395,22,2.725100761905634,True,112,NGC2955_rotmod,3.0
Burkert,1.5914812531138223,412.4140480351686,271.64015632569675,22,12.347279832986215,True,112,NGC2955_rotmod,4.0
PseudoIso,0.4493497817334657,272.3910035359264,59.5438966170221,22,2.7065407553191863,True,118,NGC2955_rotmod,2.0
Einasto_alpha0.18,4.626379518449551,266.99200769553937,46.31830417435286,22,2.1053774624705848,True,94,NGC2955_rotmod,1.0
GenFT,0.36854454832111994,145.6630261847872,16.95610960003323,25,0.6782443840013292,True,109,NGC2976_rotmod,3.0
NFW,20056.380539952697,10660.106427342787,165.47942409779668,25,6.619176963911867,True,683,NGC2976_rotmod,4.0
Burkert,2.81189865549105,210.59693884110348,15.53332261891198,25,0.6213329047564792,True,114,NGC2976_rotmod,2.0
PseudoIso,1.7362742332149654,172.95491458214713,15.074639852359063,25,0.6029855940943625,True,110,NGC2976_rotmod,1.0
Einasto_alpha0.18,14.302400225555857,70.80745466752788,326.50150806340247,25,13.0600603225361,True,151,NGC2976_rotmod,5.0
GenFT,1.0286367295245635,224.09237273873453,259.9671872599766,11,23.633380659997872,True,131,NGC2998_rotmod,5.0
NFW,8.002513604369247,469.1261112856189,18.27991898417839,11,1.66181081674349,True,114,NGC2998_rotmod,2.0
Burkert,4.276780677720026,346.31151794487783,102.06501327282521,11,9.278637570256837,True,94,NGC2998_rotmod,4.0
PseudoIso,0.5598045014915031,215.63193219394043,19.959656509520173,11,1.8145142281381974,True,124,NGC2998_rotmod,3.0
Einasto_alpha0.18,8.68856627125629,215.99747671956993,9.349773615259588,11,0.8499794195690534,True,89,NGC2998_rotmod,1.0
GenFT,0.5057730941516765,72.94876832723111,4.59215370254089,23,0.1996588566322126,True,120,NGC3109_rotmod,3.0
NFW,57886.21441686149,8546.248051670198,220.76946181945766,23,9.598672253019899,True,681,NGC3109_rotmod,4.0
Burkert,4.229403946573687,113.8092834074751,3.8802365760010993,23,0.16870593808700432,True,108,NGC3109_rotmod,1.0
PseudoIso,2.6234833249810956,94.17038237748854,3.9458487063881074,23,0.1715586394081786,True,106,NGC3109_rotmod,2.0
Einasto_alpha0.18,30.9885336292354,54.55817334805389,611.8176206041703,23,26.600766113224797,True,143,NGC3109_rotmod,5.0
GenFT,0.672667345955908,166.90485183307192,412.7070802165089,41,10.06602634674412,True,124,NGC3198_rotmod,5.0
NFW,8.255017194682432,332.76459503498614,145.1987165999131,41,3.5414321121930024,True,115,NGC3198_rotmod,2.0
Burkert,4.47571556561943,242.3041024947347,104.3329482736013,41,2.54470605545369,True,97,NGC3198_rotmod,1.0
PseudoIso,1.042329422770222,158.05837249753455,320.60680637498604,41,7.8196782042679525,True,108,NGC3198_rotmod,4.0
Einasto_alpha0.18,9.16187715636914,153.4858849559277,219.70957693708425,41,5.358770169197177,True,82,NGC3198_rotmod,3.0
GenFT,0.25430443066210984,243.69236830941793,498.95724733740593,39,12.793775572753999,True,135,NGC3521_rotmod,5.0
NFW,2.158797004192235,477.85495007430757,11.11275014815898,39,0.28494231149125593,True,109,NGC3521_rotmod,2.0
Burkert,1.096318772374493,346.2278106492132,73.5885655568187,39,1.8868862963286845,True,96,NGC3521_rotmod,4.0
PseudoIso,0.1964558169594009,220.18702740610885,19.466755039793636,39,0.49914756512291375,True,116,NGC3521_rotmod,3.0
Einasto_alpha0.18,2.4080123126255257,220.47811458751062,5.125751904208884,39,0.131429536005356,True,85,NGC3521_rotmod,1.0
GenFT,0.6333915345102479,164.82328648022042,43.14456116942009,10,4.31445611694201,True,134,NGC3726_rotmod,5.0
NFW,9.756051840231446,348.46820150605623,35.899677170449316,10,3.5899677170449316,True,110,NGC3726_rotmod,2.0
Burkert,4.634777386122689,246.2501152247645,26.044363431090716,10,2.6044363431090716,True,95,NGC3726_rotmod,1.0
PseudoIso,1.7836627882502185,175.93777175201978,36.50503096201463,10,3.650503096201463,True,109,NGC3726_rotmod,3.0
Einasto_alpha0.18,12.062325333945793,163.29264294511023,40.46528294182392,10,4.046528294182393,True,83,NGC3726_rotmod,4.0
GenFT,0.2923398400663396,48.293730008886826,54.95813663618163,19,2.892533507167454,True,106,NGC3741_rotmod,5.0
NFW,15.70518697142495,142.3850611192465,9.046298541566674,19,0.47612097587193025,True,114,NGC3741_rotmod,1.0
Burkert,2.2962310059196116,73.58138804375994,53.75906229898298,19,2.82942433152542,True,103,NGC3741_rotmod,4.0
PseudoIso,1.1551481735438935,55.79163730333373,43.396023589464754,19,2.2840012415507767,True,98,NGC3741_rotmod,3.0
Einasto_alpha0.18,31.97597780894418,51.43896183846512,12.073441323705227,19,0.635444280195012,True,143,NGC3741_rotmod,2.0
GenFT,0.547155339361324,126.84563431529568,41.56748042841975,10,4.156748042841975,True,128,NGC3769_rotmod,5.0
NFW,5.359505061488099,265.06928325825544,5.222833348095646,10,0.5222833348095646,True,108,NGC3769_rotmod,1.0
Burkert,2.7537778560743864,190.24353741960212,11.077144997726581,10,1.107714499772658,True,94,NGC3769_rotmod,4.0
PseudoIso,0.6334088877969456,126.6466646939,8.606499234834915,10,0.8606499234834916,True,132,NGC3769_rotmod,3.0
Einasto_alpha0.18,5.99153297629665,122.88269121603116,5.503594744482001,10,0.5503594744482001,True,96,NGC3769_rotmod,2.0
GenFT,0.4138186916192874,171.34014462132808,5.417170244033475,11,0.49247002218486136,True,147,NGC3877_rotmod,2.0
NFW,10.757882933706291,402.8649205885258,35.82127436051707,11,3.256479487319734,True,124,NGC3877_rotmod,4.0
Burkert,3.232349480881413,261.50871558313213,4.987310003790305,11,0.4533918185263914,True,99,NGC3877_rotmod,1.0
PseudoIso,1.7035551259823516,200.3572136440359,12.818198480738406,11,1.1652907709762188,True,107,NGC3877_rotmod,3.0
Einasto_alpha0.18,20.812898802767897,180.7269440510412,44.6839932037747,11,4.062181200343154,True,137,NGC3877_rotmod,5.0
GenFT,0.310434426603144,199.69919221141976,23.188124498596135,8,2.898515562324517,True,151,NGC3893_rotmod,5.0
NFW,3.8195693212085216,405.8053489888978,3.810456221124496,8,0.476307027640562,True,108,NGC3893_rotmod,2.0
Burkert,1.9559887771104554,293.50160507982366,3.533450724046811,8,0.4416813405058514,True,108,NGC3893_rotmod,1.0
PseudoIso,0.5566877060305111,196.37965139103315,12.70462189844861,8,1.5880777373060762,True,111,NGC3893_rotmod,4.0
Einasto_alpha0.18,4.294911561670646,187.77783147829035,6.568566854463792,8,0.821070856807974,True,104,NGC3893_rotmod,3.0
GenFT,0.5519491490330399,138.38324477105004,11.346612745557469,15,0.7564408497038312,True,125,NGC3917_rotmod,1.0
NFW,21.756079977208863,363.76181116450823,109.75915173274186,15,7.31727678218279,True,128,NGC3917_rotmod,4.0
Burkert,4.507500583156148,213.21362692630424,12.988894783293336,15,0.8659263188862224,True,101,NGC3917_rotmod,2.0
PseudoIso,2.535399768271036,166.96656669748882,26.674479891080452,15,1.7782986594053634,True,106,NGC3917_rotmod,3.0
Einasto_alpha0.18,41.62579759572108,148.6757048593153,144.39650089911228,15,9.626433393274151,True,143,NGC3917_rotmod,5.0
GenFT,0.22750154784770005,160.6725484075008,2.2595328146250946,5,0.4519065629250189,True,130,NGC3949_rotmod,5.0
NFW,4.898019153352393,366.17758346577136,0.7195009057070294,5,0.14390018114140588,True,113,NGC3949_rotmod,3.0
Burkert,1.768237749528943,244.9633997727994,0.5460934147183756,5,0.10921868294367512,True,101,NGC3949_rotmod,2.0
PseudoIso,0.8497151608814839,184.80900335396524,0.42192671259312525,5,0.08438534251862505,True,113,NGC3949_rotmod,1.0
Einasto_alpha0.18,7.723536263653996,170.02640436329023,1.0226501196968958,5,0.20453002393937916,True,113,NGC3949_rotmod,4.0
GenFT,0.46869430308010496,228.1503017059942,6.286165313063433,6,1.0476942188439056,True,127,NGC3953_rotmod,5.0
NFW,6.614344298281663,482.5037001940126,2.028754356193642,6,0.33812572603227364,True,115,NGC3953_rotmod,2.0
Burkert,3.2553745278051,341.0057553495296,0.751419491241332,6,0.12523658187355532,True,95,NGC3953_rotmod,1.0
PseudoIso,1.1284258942154146,241.50772175565368,3.8770539781792386,6,0.6461756630298731,True,117,NGC3953_rotmod,4.0
Einasto_alpha0.18,8.016378281595408,225.8099283383042,3.418887820534975,6,0.5698146367558291,True,79,NGC3953_rotmod,3.0
GenFT,0.4189274377553068,130.55972956181202,5.673564235277004,8,0.7091955294096255,True,144,NGC3972_rotmod,3.0
NFW,26.759955579988542,416.20681779982567,8.652800647195356,8,1.0816000808994195,True,125,NGC3972_rotmod,4.0
Burkert,3.401878114446907,202.11107319221026,4.084542459216695,8,0.5105678074020868,True,99,NGC3972_rotmod,2.0
PseudoIso,1.8953999308949294,159.16412359299272,1.6924956601057157,8,0.21156195751321447,True,115,NGC3972_rotmod,1.0
Einasto_alpha0.18,34.63293004048024,134.84039487791574,18.107283622602363,8,2.2634104528252954,True,154,NGC3972_rotmod,5.0
GenFT,0.8935335657032063,278.8289875644184,9.258775496927788,7,1.3226822138468268,True,141,NGC3992_rotmod,2.0
NFW,7.185178275589182,570.5036049533069,11.755724314560645,7,1.6793891877943778,True,111,NGC3992_rotmod,3.0
Burkert,5.122409510823046,408.2748997351569,6.637866311347651,7,0.9482666159068073,True,108,NGC3992_rotmod,1.0
PseudoIso,1.7298949515337104e-11,255.69793302393802,39.276899923459666,7,5.610985703351381,True,201,NGC3992_rotmod,5.0
Einasto_alpha0.18,6.831235747521595,264.94589591972954,13.269455836549545,7,1.8956365480785065,True,109,NGC3992_rotmod,4.0
GenFT,0.5236525679259025,126.30057642804496,9.95794201579924,10,0.995794201579924,True,128,NGC4010_rotmod,1.0
NFW,29.717779158349483,383.79040564632726,24.584930208338527,10,2.4584930208338527,True,124,NGC4010_rotmod,4.0
Burkert,4.459384016009339,197.8013150908505,12.466927411304457,10,1.2466927411304458,True,100,NGC4010_rotmod,2.0
PseudoIso,2.5822535842898087,157.60518869389358,15.49469863226076,10,1.5494698632260762,True,103,NGC4010_rotmod,3.0
Einasto_alpha0.18,52.00114658997535,129.3766781460846,31.908888403109366,10,3.1908888403109366,True,153,NGC4010_rotmod,5.0
GenFT,0.47806078174405375,196.20548172292337,113.61616598456007,34,3.341651940722355,True,149,NGC4013_rotmod,3.0
NFW,3.4086444900159614,413.1403774552293,109.87982815044258,34,3.231759651483605,True,111,NGC4013_rotmod,1.0
Burkert,2.61444923453879,293.8864959796649,126.48490105897213,34,3.720144148793298,True,106,NGC4013_rotmod,4.0
PseudoIso,2.210175206191259e-11,180.6649984978725,187.22366932155768,34,5.5065785094575785,True,221,NGC4013_rotmod,5.0
Einasto_alpha0.18,3.3518420425003175,191.43370695744548,111.83764818966257,34,3.289342593813605,True,102,NGC4013_rotmod,2.0
GenFT,0.42513529625901814,158.8146060385821,10.486086267732057,5,2.0972172535464115,True,125,NGC4051_rotmod,4.0
NFW,8.006803940021538,351.70294939008244,8.432915890411715,5,1.686583178082343,True,118,NGC4051_rotmod,1.0
Burkert,3.159624921178183,240.44826815894584,10.680760510126712,5,2.1361521020253424,True,87,NGC4051_rotmod,5.0
PseudoIso,1.3078248591066353,175.81160238159316,10.074226890567221,5,2.0148453781134443,True,119,NGC4051_rotmod,3.0
Einasto_alpha0.18,11.653179832854915,162.9622543895288,8.793015845981355,5,1.758603169196271,True,133,NGC4051_rotmod,2.0
GenFT,0.4882822404811591,75.75993164688893,0.39298332425245325,4,0.09824583106311331,True,127,NGC4068_rotmod,3.0
NFW,24212.14737882748,5452.902754381752,10.437663198510934,4,2.6094157996277336,True,786,NGC4068_rotmod,4.0
Burkert,3.615259027990563,106.67920917075855,0.27906741131003093,4,0.06976685282750773,True,111,NGC4068_rotmod,2.0
PseudoIso,2.1850909546915234,86.00394620150982,0.2176974070140068,4,0.0544243517535017,True,110,NGC4068_rotmod,1.0
Einasto_alpha0.18,24.88092667995938,35.65565548320948,21.117417907789704,4,5.279354476947426,True,143,NGC4068_rotmod,5.0
GenFT,0.3163223978996748,136.6441068028604,2.899527368969036,5,0.5799054737938072,True,121,NGC4085_rotmod,1.0
NFW,22.159793973873246,455.24374639479413,16.26740124167419,5,3.2534802483348377,True,136,NGC4085_rotmod,4.0
Burkert,2.740323973359093,215.64409288189336,3.160616246488918,5,0.6321232492977835,True,100,NGC4085_rotmod,2.0
PseudoIso,1.6627348289672443,175.1687895521191,4.70115212121437,5,0.940230424242874,True,98,NGC4085_rotmod,3.0
Einasto_alpha0.18,34.63293005433127,141.1053915111437,21.428489321582614,5,4.285697864316523,True,137,NGC4085_rotmod,5.0
GenFT,0.48772316824447043,183.98802784519165,11.379397915169152,10,1.1379397915169152,True,175,NGC4088_rotmod,2.0
NFW,6.308645645559846,374.68174001600084,20.687268527570318,10,2.068726852757032,True,102,NGC4088_rotmod,3.0
Burkert,3.214067418682037,269.52490098055193,6.452355979089079,10,0.6452355979089079,True,98,NGC4088_rotmod,1.0
PseudoIso,1.1637234426450258,186.42134617312755,25.96472145874374,10,2.596472145874374,True,111,NGC4088_rotmod,4.0
Einasto_alpha0.18,7.397797679169194,174.09593747142588,27.077928401096017,10,2.707792840109602,True,86,NGC4088_rotmod,5.0
GenFT,0.4408424969363251,195.4541142899991,8.007493963231665,22,0.36397699832871205,True,175,NGC4100_rotmod,1.0
NFW,4.009147211326558,400.4063120458688,65.70397674393793,22,2.986544397451724,True,106,NGC4100_rotmod,3.0
Burkert,2.6518639016270926,287.55739962827874,32.37726456339172,22,1.4716938437905327,True,102,NGC4100_rotmod,2.0
PseudoIso,0.36708483587413004,187.24496894559195,136.8958252304143,22,6.222537510473376,True,118,NGC4100_rotmod,5.0
Einasto_alpha0.18,3.8744431439308613,185.68482490910287,76.83321626223294,22,3.492418921010588,True,104,NGC4100_rotmod,4.0
GenFT,0.29758510842170055,188.90195387015507,9.090960562589377,5,1.8181921125178753,True,129,NGC4138_rotmod,4.0
NFW,1.1206668505330013,424.7721273359907,4.695981247617477,5,0.9391962495234955,True,111,NGC4138_rotmod,3.0
Burkert,1.0015005250935922,296.1482040113738,3.6394484420460755,5,0.7278896884092151,True,115,NGC4138_rotmod,1.0
PseudoIso,5.0929615852998047e-11,175.2290892502893,23.132318891812538,5,4.626463778362508,True,206,NGC4138_rotmod,5.0
Einasto_alpha0.18,1.052203773856266,198.26358430862484,4.37794498321751,5,0.8755889966435021,True,107,NGC4138_rotmod,2.0
GenFT,0.4601657661029688,205.4145714772339,24.100469469321705,15,1.606697964621447,True,140,NGC4157_rotmod,2.0
NFW,5.397349068817844,411.4424420834083,25.017201046855984,15,1.6678134031237322,True,103,NGC4157_rotmod,3.0
Burkert,3.022761573847658,298.96393315033265,12.224196354847564,15,0.8149464236565043,True,104,NGC4157_rotmod,1.0
PseudoIso,0.8171632368397487,196.855960094592,41.08145440478547,15,2.738763626985698,True,118,NGC4157_rotmod,5.0
Einasto_alpha0.18,5.821575642903204,190.02429780139093,31.69142072029111,15,2.112761381352741,True,93,NGC4157_rotmod,4.0
GenFT,0.4903150057438168,116.17340162128087,24.801625556128908,21,1.1810297883870908,True,122,NGC4183_rotmod,5.0
NFW,7.5724451371356825,239.58905207015002,7.708971971149091,21,0.3670939033880519,True,109,NGC4183_rotmod,1.0
Burkert,3.264438310139659,170.3859103236445,7.882824419044732,21,0.37537259138308243,True,94,NGC4183_rotmod,2.0
PseudoIso,1.2180452447539638,118.9759127506464,9.163155176464263,21,0.43634072268877444,True,133,NGC4183_rotmod,3.0
Einasto_alpha0.18,9.98890801585637,112.6799880765748,12.948210579810963,21,0.6165814561814744,True,77,NGC4183_rotmod,4.0
GenFT,0.08913515415211845,83.98296626068237,37.663614757303826,12,3.1386345631086523,True,121,NGC4214_rotmod,5.0
NFW,1.4534135386305846,171.31866837161976,5.352560280563221,12,0.4460466900469351,True,100,NGC4214_rotmod,3.0
Burkert,0.6345284207690476,123.00124102271499,22.53680144234173,12,1.8780667868618108,True,110,NGC4214_rotmod,4.0
PseudoIso,0.13301884657340396,80.74268447875444,4.1191781921501915,12,0.3432648493458493,True,111,NGC4214_rotmod,2.0
Einasto_alpha0.18,1.7642965810141873,79.72169907829942,3.0071986548802365,12,0.25059988790668636,True,86,NGC4214_rotmod,1.0
GenFT,0.40785197809247886,194.5156201564715,14.198010951605056,17,0.8351771148002974,True,138,NGC4217_rotmod,2.0
NFW,6.857526560446399,406.33317136493713,61.43771317324597,17,3.613983127837998,True,119,NGC4217_rotmod,4.0
Burkert,2.829830057214086,286.80722351357326,9.384027233131981,17,0.5520016019489401,True,96,NGC4217_rotmod,1.0
PseudoIso,1.2554956089542346,206.14822388245926,42.37046698671896,17,2.4923804109834684,True,118,NGC4217_rotmod,3.0
Einasto_alpha0.18,9.472769409725819,191.93453258961515,81.88604382657175,17,4.816826107445397,True,111,NGC4217_rotmod,5.0
GenFT,0.6367433333333458,137.25749163417584,0.4579191853886417,4,0.11447979634716042,True,122,NGC4389_rotmod,1.0
NFW,66045.11294394347,15871.836271693828,7.930158056311915,4,1.9825395140779787,True,827,NGC4389_rotmod,4.0
Burkert,5.243770087010272,210.39570634794762,0.5982691208391204,4,0.1495672802097801,True,117,NGC4389_rotmod,2.0
PseudoIso,3.2442821314122585,173.5659940704214,0.6732386297423649,4,0.16830965743559123,True,112,NGC4389_rotmod,3.0
Einasto_alpha0.18,51.846200504908886,94.12506359702863,20.043828171877863,4,5.010957042969466,True,167,NGC4389_rotmod,5.0
GenFT,0.5500515492591764,125.05277611201484,62.66904266491592,30,2.088968088830531,True,123,NGC4559_rotmod,5.0
NFW,8.488777264582584,264.5011134714832,4.265610393739101,30,0.1421870131246367,True,104,NGC4559_rotmod,1.0
Burkert,3.617222805802548,186.03857026312886,22.6857100832462,30,0.7561903361082066,True,91,NGC4559_rotmod,4.0
PseudoIso,1.2959134708790243,131.01118630545955,6.307822749964478,30,0.21026075833214927,True,123,NGC4559_rotmod,2.0
Einasto_alpha0.18,11.268549908584998,124.73664044081062,7.830852707845375,30,0.26102842359484585,True,82,NGC4559_rotmod,3.0
GenFT,0.17477796824950723,273.4319307375839,41.201599441946406,16,2.5750999651216504,True,139,NGC5005_rotmod,5.0
NFW,2.49529358496409,569.5788135259093,6.9480932762914325,16,0.43425582976821453,True,111,NGC5005_rotmod,3.0
Burkert,1.2492607015347934,408.2506554641021,24.860298543236695,16,1.5537686589522934,True,105,NGC5005_rotmod,4.0
PseudoIso,0.22251844510687185,265.40707026369887,2.50976182721895,16,0.15686011420118437,True,116,NGC5005_rotmod,1.0
Einasto_alpha0.18,2.8419720764166434,263.7271561891271,4.113068049752394,16,0.25706675310952465,True,92,NGC5005_rotmod,2.0
GenFT,0.7563430412077581,229.3336403889626,646.7392034406062,20,32.33696017203031,True,135,NGC5033_rotmod,5.0
NFW,4.88572364779404,484.8781713470909,125.33454017497182,20,6.266727008748591,True,118,NGC5033_rotmod,2.0
Burkert,3.3470132780824713,349.3490686458149,282.2443249441875,20,14.112216247209375,True,107,NGC5033_rotmod,3.0
PseudoIso,1.7536896716141325e-11,213.1630816551562,282.9115508276002,20,14.14557754138001,True,202,NGC5033_rotmod,4.0
Einasto_alpha0.18,4.831552052579641,224.49586169390557,99.59184088952178,20,4.979592044476089,True,101,NGC5033_rotmod,1.0
GenFT,0.7398255772800075,225.72100685061068,19743.312742682818,26,759.3581824108776,True,286,NGC5055_rotmod,5.0
NFW,4.913636564346671,447.14087938171866,179.78880541079172,26,6.91495405426122,True,103,NGC5055_rotmod,2.0
Burkert,3.2078986238976346,324.51311591614547,1175.3304099426919,26,45.20501576702661,True,103,NGC5055_rotmod,3.0
PseudoIso,1.821724271355571e-08,196.1735783004359,3173.2056092960215,26,122.04636958830852,True,174,NGC5055_rotmod,4.0
Einasto_alpha0.18,4.970201536682595,206.5698599284666,141.5333501911716,26,5.443590391968138,True,93,NGC5055_rotmod,1.0
GenFT,0.7412149570981772,250.7347335849027,658.8518831784892,17,38.75599312814642,True,142,NGC5371_rotmod,5.0
NFW,5.948903802182894,507.81255148341677,143.1817421634768,17,8.422455421380988,True,115,NGC5371_rotmod,2.0
Burkert,3.67240709796042,369.90545506802255,308.62531761575855,17,18.154430447985796,True,108,NGC5371_rotmod,4.0
PseudoIso,0.09025881533814824,225.72923385060187,248.02570094325134,17,14.589747114308903,True,130,NGC5371_rotmod,3.0
Einasto_alpha0.18,6.028265075280368,234.28463415680596,125.1926832773128,17,7.364275486900753,True,91,NGC5371_rotmod,1.0
GenFT,0.34213853250819065,91.77993495932951,726.972925562013,22,33.044223889182405,True,118,NGC5585_rotmod,5.0
NFW,13.05920686790655,221.28934057524498,128.75202108078776,22,5.852364594581261,True,105,NGC5585_rotmod,1.0
Burkert,2.508707622562462,134.97829446041845,716.0237502752193,22,32.546534103419056,True,92,NGC5585_rotmod,4.0
PseudoIso,1.1124478146324144,96.4224725241312,577.2945296262665,22,26.240660437557565,True,100,NGC5585_rotmod,3.0
Einasto_alpha0.18,30.65213347895304,94.53823858917875,164.78405709055255,22,7.490184413206934,True,153,NGC5585_rotmod,2.0
GenFT,0.8156452485080499,245.28720408685257,333.88536564256526,17,19.64031562603325,True,146,NGC5907_rotmod,5.0
NFW,6.714812227334814,499.7240505588293,51.88772423763979,17,3.0522190728023406,True,115,NGC5907_rotmod,2.0
Burkert,4.6687522369715495,359.02286585850703,94.40098459718541,17,5.552999093952083,True,106,NGC5907_rotmod,3.0
PseudoIso,7.645472048467951e-10,221.54388497184732,185.95652409491296,17,10.938619064406645,True,226,NGC5907_rotmod,4.0
Einasto_alpha0.18,6.5675409874500446,231.55126037954247,51.213574485437015,17,3.0125632050257067,True,107,NGC5907_rotmod,1.0
GenFT,0.6092175454539103,317.1825945205437,324.76068771560756,31,10.476151216632502,True,146,NGC5985_rotmod,5.0
NFW,8.3145914309017,632.3039456441597,46.242006001640334,31,1.4916776129561398,True,110,NGC5985_rotmod,1.0
Burkert,4.409292473994394,456.8271111148818,76.07313380734227,31,2.4539720583013636,True,99,NGC5985_rotmod,3.0
PseudoIso,1.0910792541461414,304.22045225356266,78.617097116832,31,2.5360353908655484,True,130,NGC5985_rotmod,4.0
Einasto_alpha0.18,9.33325715722088,292.9340320809813,54.23773642562505,31,1.7496044008266145,True,85,NGC5985_rotmod,2.0
GenFT,0.42401147372424886,175.02724226465665,1674.0073576700013,42,39.857318039761935,True,128,NGC6015_rotmod,5.0
NFW,5.31298255951736,346.93506569258693,479.3041504175715,42,11.412003581370751,True,114,NGC6015_rotmod,2.0
Burkert,2.3783097467015084,248.72423510668747,498.0079383678059,42,11.85733186590014,True,105,NGC6015_rotmod,3.0
PseudoIso,0.7608654770787127,167.84887441922558,394.3831111919738,42,9.390074075999376,True,111,NGC6015_rotmod,1.0
Einasto_alpha0.18,6.698169795696387,161.47287098923584,681.4284739568999,42,16.224487475164285,True,88,NGC6015_rotmod,4.0
GenFT,0.5505571177680091,279.020666298019,1415.8892031261466,21,67.42329538695937,True,130,NGC6195_rotmod,5.0
NFW,4.534344749152137,557.5104333387073,177.08743276624827,21,8.43273489363087,True,109,NGC6195_rotmod,3.0
Burkert,2.3621815961446773,405.59742710470323,415.82401049253417,21,19.801143356787342,True,101,NGC6195_rotmod,4.0
PseudoIso,0.19597645491383697,249.37002850429036,36.24277020074327,21,1.725846200035394,True,133,NGC6195_rotmod,1.0
Einasto_alpha0.18,5.066352553532567,257.134160489191,127.49576705395536,21,6.071227002569303,True,94,NGC6195_rotmod,2.0
GenFT,0.34799290617083267,128.00784247864016,1034.9074182691954,29,35.686462698937774,True,143,NGC6503_rotmod,5.0
NFW,3.5721141535528744,257.0624747440989,143.72397770279508,29,4.955999231130865,True,111,NGC6503_rotmod,3.0
Burkert,2.0896944839011296,186.95489059581797,363.5685257384563,29,12.536845715119183,True,105,NGC6503_rotmod,4.0
PseudoIso,0.09974582751439637,117.06311336047177,54.50747185732545,29,1.8795679950801878,True,119,NGC6503_rotmod,1.0
Einasto_alpha0.18,3.7739943204250843,118.69310146801547,104.15599817163674,29,3.591586143849543,True,91,NGC6503_rotmod,2.0
GenFT,1.093370822771044,272.8131097492625,467.5291570014713,13,35.96378130780548,True,151,NGC6674_rotmod,5.0
NFW,8.267770800349771,564.7569057598218,211.12679801081512,13,16.240522923908856,True,115,NGC6674_rotmod,2.0
Burkert,5.738854677323346,407.8036335874681,303.0734178372748,13,23.313339833636523,True,114,NGC6674_rotmod,4.0
PseudoIso,9.536956833546135e-11,244.76431538475433,227.70460920903417,13,17.515739169925705,True,227,NGC6674_rotmod,3.0
Einasto_alpha0.18,8.540288501138281,259.73290208520035,203.05554246786392,13,15.61965711291261,True,123,NGC6674_rotmod,1.0
GenFT,0.12131891116491172,92.80747760184454,0.38586777829582464,2,0.19293388914791232,True,106,NGC6789_rotmod,1.0
NFW,6018.59093814257,6657.417287938103,4.2686811710044985,2,2.1343405855022493,True,618,NGC6789_rotmod,4.0
Burkert,0.9019755233297626,131.60430148062505,0.5594479260286098,2,0.2797239630143049,True,107,NGC6789_rotmod,2.0
PseudoIso,0.5515021269574283,107.27223311189825,0.6928038194006276,2,0.3464019097003138,True,107,NGC6789_rotmod,3.0
Einasto_alpha0.18,5.9593334054534814,46.38676967959455,9.575167854486775,2,4.7875839272433875,True,138,NGC6789_rotmod,5.0
GenFT,0.34216056408508877,182.00638985414673,1367.9081205374835,56,24.426930723883633,True,125,NGC6946_rotmod,5.0
NFW,4.218057840338158,376.6810343844726,420.3234673584149,56,7.505776202828838,True,102,NGC6946_rotmod,2.0
Burkert,2.1284148331407504,269.1913286449102,1000.9939539709734,56,17.874892035195952,True,104,NGC6946_rotmod,4.0
PseudoIso,0.47450634792703394,181.06286887158143,574.3543056234745,56,10.256326886133474,True,113,NGC6946_rotmod,3.0
Einasto_alpha0.18,4.885977941826316,175.24513392350636,375.51127232474107,56,6.705558434370376,True,90,NGC6946_rotmod,1.0
GenFT,0.5385262979646974,269.0237445611752,766.3224525916172,34,22.53889566445933,True,159,NGC7331_rotmod,5.0
NFW,4.46742636735592,546.2142781411551,181.34599017766777,34,5.333705593460817,True,112,NGC7331_rotmod,3.0
Burkert,2.884862444464405,397.59314458768904,312.0301762265149,34,9.177358124309263,True,103,NGC7331_rotmod,4.0
PseudoIso,3.966688955768107e-09,240.03940029923314,94.00305234327426,34,2.7647956571551253,True,199,NGC7331_rotmod,1.0
Einasto_alpha0.18,4.608542476150587,251.64609945382242,159.9994729666321,34,4.705866851959768,True,102,NGC7331_rotmod,2.0
GenFT,0.18906658708816348,106.38028193262755,103.84829888323374,44,2.360188610982585,True,115,NGC7793_rotmod,5.0
NFW,4.533657065216845,231.33944515837095,61.51176445750272,44,1.3979946467614255,True,113,NGC7793_rotmod,1.0
Burkert,1.2630225050885513,153.44327577355628,90.02128520869097,44,2.045938300197522,True,87,NGC7793_rotmod,4.0
PseudoIso,0.5370113632314131,109.1758951807264,69.1596145896386,44,1.5718094224917862,True,105,NGC7793_rotmod,2.0
Einasto_alpha0.18,8.01676316626904,109.7215805853217,81.6634646796403,44,1.8559878336281885,True,146,NGC7793_rotmod,3.0
GenFT,0.3150502456378076,243.57967396502215,331.7054687350942,16,20.731591795943388,True,149,NGC7814_rotmod,5.0
NFW,2.1258561613772526,507.987702648574,82.60343631607707,16,5.162714769754817,True,119,NGC7814_rotmod,3.0
Burkert,1.4119047320886549,370.1247673866778,185.71778347201663,16,11.60736146700104,True,123,NGC7814_rotmod,4.0
PseudoIso,2.913515870783688e-11,218.78884209594509,48.5504408204684,16,3.034402551279275,True,204,NGC7814_rotmod,1.0
Einasto_alpha0.18,2.203096245553561,233.46144076755576,65.98991090673773,16,4.124369431671108,True,118,NGC7814_rotmod,2.0
GenFT,0.05990773336270861,20.868898410169113,4.394652984871608,4,1.098663246217902,True,117,PGC51017_rotmod,5.0
NFW,0.4130213042995733,43.81437104407193,0.5185729936963013,4,0.12964324842407532,True,97,PGC51017_rotmod,2.0
Burkert,0.26479386683437656,32.007173294316104,1.369878284521342,4,0.3424695711303355,True,95,PGC51017_rotmod,4.0
PseudoIso,2.2948395131834674e-10,19.000742923569085,0.7273315712526119,4,0.18183289281315299,True,163,PGC51017_rotmod,3.0
Einasto_alpha0.18,0.42488695167410595,20.17794073651271,0.39847089685628023,4,0.09961772421407006,True,88,PGC51017_rotmod,1.0
GenFT,1.2785740517744881,131.9965761531645,536.7017613958499,20,26.835088069792494,True,128,UGC00128_rotmod,5.0
NFW,17.970007262629064,281.9961278404305,72.58588034252281,20,3.6292940171261407,True,112,UGC00128_rotmod,1.0
Burkert,8.725403835922876,198.17606263944344,170.74148065935714,20,8.537074032967856,True,98,UGC00128_rotmod,4.0
PseudoIso,2.912906853791511,140.63731072934425,109.23533348658367,20,5.4617666743291835,True,117,UGC00128_rotmod,3.0
Einasto_alpha0.18,21.844798290038725,132.28160153980838,95.43406217463802,20,4.7717031087319,True,89,UGC00128_rotmod,2.0
GenFT,0.29091393185060715,83.98426061766475,123.23142240966152,7,17.604488915665932,True,114,UGC00191_rotmod,5.0
NFW,8.484064014471475,188.56935665860362,28.33440243554768,7,4.047771776506812,True,127,UGC00191_rotmod,2.0
Burkert,2.0398944620201656,124.47498558200999,35.536272429774755,7,5.076610347110679,True,89,UGC00191_rotmod,3.0
PseudoIso,0.9996274604400911,90.33504737221875,5.391414376830593,7,0.7702020538329418,True,82,UGC00191_rotmod,1.0
Einasto_alpha0.18,17.35100063153987,85.88097953274912,46.53810569289106,7,6.6483008132701515,True,132,UGC00191_rotmod,4.0
GenFT,0.7764953037884688,108.65727056240294,0.2072072054881748,2,0.1036036027440874,True,122,UGC00634_rotmod,1.0
NFW,17.55326216038423,254.386027885651,9.58456612993373,2,4.792283064966865,True,120,UGC00634_rotmod,4.0
Burkert,6.217760855408725,167.98449780893924,1.7338704152120896,2,0.8669352076060448,True,97,UGC00634_rotmod,2.0
PseudoIso,3.1584580436846403,129.20129741229704,6.2244329041334945,2,3.1122164520667472,True,108,UGC00634_rotmod,3.0
Einasto_alpha0.18,28.442813536448746,112.77114125020735,12.319723993875261,2,6.1598619969376305,True,118,UGC00634_rotmod,5.0
GenFT,0.391156653847213,72.17733407991717,24.081178287990895,10,2.4081178287990896,True,126,UGC00731_rotmod,5.0
NFW,13.128096637757036,179.4898919947429,2.768631485175495,10,0.2768631485175495,True,112,UGC00731_rotmod,1.0
Burkert,2.9236969884415873,109.08886370624911,15.549947912945699,10,1.5549947912945699,True,88,UGC00731_rotmod,4.0
PseudoIso,1.4524838061222094,82.18846974974124,6.030942431475079,10,0.6030942431475079,True,118,UGC00731_rotmod,3.0
Einasto_alpha0.18,27.196001947905373,77.15264616335435,5.1854745225456575,10,0.5185474522545658,True,159,UGC00731_rotmod,2.0
GenFT,0.470824417632908,64.94375705658808,0.6772877020363671,3,0.22576256734545572,True,210,UGC00891_rotmod,2.0
NFW,29.19608170214512,212.69573579823737,12.61916136340766,3,4.2063871211358865,True,147,UGC00891_rotmod,4.0
Burkert,4.092787409438084,103.00340450439374,0.4067521521597151,3,0.13558405071990504,True,111,UGC00891_rotmod,1.0
PseudoIso,2.4479866113753284,83.86423247316665,1.0280835184831403,3,0.34269450616104674,True,96,UGC00891_rotmod,3.0
Einasto_alpha0.18,58.915788868432614,64.4750141143981,18.64305967454871,3,6.21435322484957,True,126,UGC00891_rotmod,5.0
GenFT,0.6110282360966826,118.40004320070396,3.3188272408368884,9,0.3687585823152098,True,135,UGC01230_rotmod,2.0
NFW,10.057524099903853,234.134625779668,10.262167932892872,9,1.1402408814325413,True,108,UGC01230_rotmod,4.0
Burkert,4.162660436921401,171.88621842563998,1.6780981172271219,9,0.18645534635856909,True,94,UGC01230_rotmod,1.0
PseudoIso,1.6226473039911171,115.47570931383166,6.9441766499832065,9,0.7715751833314674,True,109,UGC01230_rotmod,3.0
Einasto_alpha0.18,13.337573751659994,108.5815402132886,14.103935990386418,9,1.5671039989318243,True,122,UGC01230_rotmod,5.0
GenFT,0.3694401348694657,62.910574023358066,4.7290121149563324,23,0.20560922238940577,True,116,UGC01281_rotmod,3.0
NFW,30588.94201055439,6536.502120315261,33.043651951073834,23,1.436680519611906,True,646,UGC01281_rotmod,4.0
Burkert,3.227692274967759,100.11620016654197,3.796455972057301,23,0.1650633031329261,True,100,UGC01281_rotmod,1.0
PseudoIso,2.056910674944532,83.8546073741073,3.879915759710742,23,0.16869198955264095,True,100,UGC01281_rotmod,2.0
Einasto_alpha0.18,27.250538523978562,52.51344566972042,86.32152481640018,23,3.753109774626095,True,147,UGC01281_rotmod,5.0
GenFT,1.0641794216618365,130.59247049102444,0.04214883229195959,3,0.01404961076398653,True,122,UGC02023_rotmod,1.0
NFW,46230.12841021865,8089.4098850277605,1.9372996079575628,3,0.6457665359858543,True,713,UGC02023_rotmod,4.0
Burkert,7.091097680685813,169.10121184866645,0.06349590836407532,3,0.021165302788025104,True,115,UGC02023_rotmod,2.0
PseudoIso,4.160131093894632,133.24926332894734,0.08383459910862663,3,0.02794486636954221,True,117,UGC02023_rotmod,3.0
Einasto_alpha0.18,45.29093374384324,48.784899156642766,3.778389642007569,3,1.259463214002523,True,155,UGC02023_rotmod,5.0
GenFT,0.24985886698766124,87.17203716135165,38.825583443013585,6,6.470930573835598,True,118,UGC02259_rotmod,5.0
NFW,4.001328743383615,188.30940445222828,3.7593501484304737,6,0.6265583580717456,True,109,UGC02259_rotmod,2.0
Burkert,1.692159301091259,130.76899448912647,13.843336893186372,6,2.307222815531062,True,96,UGC02259_rotmod,4.0
PseudoIso,0.650153491637695,94.0863443288842,2.4555095839123338,6,0.4092515973187223,True,113,UGC02259_rotmod,1.0
Einasto_alpha0.18,5.356583265359939,88.53420388635737,4.575120189924429,6,0.7625200316540716,True,85,UGC02259_rotmod,3.0
GenFT,0.6258885826908087,85.3234561090176,7.332398019540799,6,1.2220663365901332,True,119,UGC02455_rotmod,1.0
NFW,22089.01324452203,5543.4296747306225,10.265189340079177,6,1.7108648900131962,True,682,UGC02455_rotmod,4.0
Burkert,4.916028188757389,126.19382723166541,8.395879032011608,6,1.3993131720019347,True,122,UGC02455_rotmod,2.0
PseudoIso,2.9774507156115333,102.3751400343507,9.128222670933319,6,1.5213704451555532,True,106,UGC02455_rotmod,3.0
Einasto_alpha0.18,39.80796556908214,49.505973088675205,23.216241326213336,6,3.8693735543688894,True,151,UGC02455_rotmod,5.0
GenFT,1.2537288847537011,393.6187058593715,173.55461937828872,15,11.570307958552581,True,144,UGC02487_rotmod,4.0
NFW,6.896587629030703,838.3284317580384,83.71775991808164,15,5.581183994538776,True,123,UGC02487_rotmod,2.0
Burkert,5.553488368838759,594.6498893411666,75.54723967928805,15,5.03648264528587,True,118,UGC02487_rotmod,1.0
PseudoIso,1.066176595436335e-10,344.46977061778296,603.0042576781759,15,40.20028384521173,True,219,UGC02487_rotmod,5.0
Einasto_alpha0.18,6.626328055567882,389.49567325460225,84.11362636276714,15,5.607575090851142,True,121,UGC02487_rotmod,3.0
GenFT,1.1001730728057155,320.4206698816078,847.2727615721482,17,49.839574210126365,True,154,UGC02885_rotmod,5.0
NFW,7.352086120612506,678.9774593965464,228.55408414496733,17,13.44435789088043,True,114,UGC02885_rotmod,3.0
Burkert,3.367998148341943,524.1506322841319,464.2881846343644,17,27.311069684374377,True,110,UGC02885_rotmod,4.0
PseudoIso,0.02817667332863756,286.3336027915234,33.52792444915863,17,1.972230849950508,True,135,UGC02885_rotmod,1.0
Einasto_alpha0.18,8.605191076135988,308.45652953371507,177.76058514319936,17,10.456505008423491,True,106,UGC02885_rotmod,2.0
GenFT,0.4400820901879021,232.80070874058265,10984.486175747932,41,267.91429696946176,True,129,UGC02916_rotmod,5.0
NFW,2.148086419803981,470.3410138450507,393.87173686531656,41,9.606627728422355,True,111,UGC02916_rotmod,3.0
Burkert,1.2691202319387762,340.17809578676065,764.1255861473104,41,18.637209418227084,True,104,UGC02916_rotmod,4.0
PseudoIso,0.01735049036499893,213.17986173423805,96.52409547008892,41,2.3542462309777785,True,119,UGC02916_rotmod,1.0
Einasto_alpha0.18,2.3202295002983755,217.3278862110455,305.7997349633758,41,7.4585301210579455,True,98,UGC02916_rotmod,2.0
GenFT,0.7765468194890285,317.06714580598225,45458.74262421148,113,402.2897577363848,True,142,UGC02953_rotmod,5.0
NFW,3.877879189432756,674.871755016919,1567.506512823857,113,13.871739051538558,True,117,UGC02953_rotmod,2.0
Burkert,2.6330699255573937,488.8426523178176,6576.648012381266,113,58.20042488832979,True,99,UGC02953_rotmod,3.0
PseudoIso,0.08216366751911826,294.06883646951496,7639.958951734829,113,67.61025621004273,True,153,UGC02953_rotmod,4.0
Einasto_alpha0.18,3.9445368100992217,311.42439186868535,1155.397897091923,113,10.224760151255955,True,97,UGC02953_rotmod,1.0
GenFT,0.5682001070650812,243.91877246105156,1247.708099085971,46,27.12408911056459,True,140,UGC03205_rotmod,5.0
NFW,4.138269791790379,498.40332121045924,118.97412372922969,46,2.586393994113689,True,105,UGC03205_rotmod,2.0
Burkert,2.5905114427538534,365.63075700477873,295.64091963490307,46,6.4269765138022406,True,93,UGC03205_rotmod,4.0
PseudoIso,0.1978028710635695,219.33601005043266,289.76233649412427,46,6.299181228133136,True,108,UGC03205_rotmod,3.0
Einasto_alpha0.18,4.305521066280072,229.19032742658513,118.44965809653377,46,2.5749925673159515,True,101,UGC03205_rotmod,1.0
GenFT,0.3937744175317983,221.03439134693136,1122.0726538291806,28,40.074023351042165,True,168,UGC03546_rotmod,5.0
NFW,2.723241296470785,460.31573375607366,174.74686011179358,28,6.240959289706914,True,126,UGC03546_rotmod,3.0
Burkert,1.5848810797335413,342.8062161522747,346.8183416356305,28,12.38636934412966,True,109,UGC03546_rotmod,4.0
PseudoIso,1.7000639097354892e-08,201.16517461812293,94.34927522081487,28,3.36961697217196,True,162,UGC03546_rotmod,1.0
Einasto_alpha0.18,2.9290704717191134,210.61006073434345,140.23061178048144,28,5.008236135017194,True,115,UGC03546_rotmod,2.0
GenFT,0.39203773101979933,122.34169490483342,2005.7849675687798,45,44.57299927930622,True,123,UGC03580_rotmod,5.0
NFW,8.327233156641476,256.9874506382769,313.88325774911584,45,6.975183505535908,True,111,UGC03580_rotmod,3.0
Burkert,2.90502071076918,181.070349464969,1193.3743098226164,45,26.519429107169252,True,93,UGC03580_rotmod,4.0
PseudoIso,1.046976259425744,123.73831164248335,281.5174082663273,45,6.255942405918385,True,101,UGC03580_rotmod,2.0
Einasto_alpha0.18,11.744197370658835,121.71605643846348,185.95294942679132,45,4.132287765039807,True,100,UGC03580_rotmod,1.0
GenFT,0.6681463386533131,104.21370727008463,28.957843736877173,23,1.259036684212051,True,121,UGC04278_rotmod,1.0
NFW,48049.1715948152,10129.829535265972,30.03429440832097,23,1.305838887318303,True,791,UGC04278_rotmod,2.0
Burkert,5.551776575364821,160.7790621039843,33.130070354947875,23,1.4404378415194727,True,107,UGC04278_rotmod,3.0
PseudoIso,3.3339480644127883,130.39453821920216,35.23558950536843,23,1.5319821524073232,True,98,UGC04278_rotmod,4.0
Einasto_alpha0.18,41.2834168421774,76.5980748187541,96.17101860446792,23,4.181348634976866,True,168,UGC04278_rotmod,5.0
GenFT,0.15857388853400284,35.18409399420687,15.901533433016578,20,0.7950766716508288,True,128,UGC04305_rotmod,2.0
NFW,3.805053074828805,77.38246503520766,33.76440679140755,20,1.6882203395703776,True,101,UGC04305_rotmod,4.0
Burkert,1.1868211470766385,52.43236002554021,15.258022917035262,20,0.7629011458517632,True,82,UGC04305_rotmod,1.0
PseudoIso,0.6319218112455034,39.15455086462048,21.08289330454258,20,1.054144665227129,True,94,UGC04305_rotmod,3.0
Einasto_alpha0.18,7.471428944987915,36.21576850375616,38.64851634198467,20,1.9324258170992334,True,133,UGC04305_rotmod,5.0
GenFT,0.1942787943233529,93.2839191617437,2.3242479139777146,6,0.3873746523296191,True,120,UGC04325_rotmod,2.0
NFW,5.07933794111859,215.36972893889254,21.62089853298096,6,3.60348308883016,True,109,UGC04325_rotmod,4.0
Burkert,1.5052296111821502,141.08178597967114,1.5268794945307103,6,0.25447991575511836,True,94,UGC04325_rotmod,1.0
PseudoIso,0.7879666423418807,107.09230754646673,8.118709351525677,6,1.3531182252542795,True,105,UGC04325_rotmod,3.0
Einasto_alpha0.18,9.3132413749851,96.8398963278527,27.754440313438412,6,4.625740052239736,True,124,UGC04325_rotmod,5.0
GenFT,0.05918966542047761,24.023789929679985,1.5253666530327485,6,0.2542277755054581,True,116,UGC04483_rotmod,2.0
NFW,2.629423410498707,66.9393212222152,4.97351458307271,6,0.828919097178785,True,115,UGC04483_rotmod,4.0
Burkert,0.4916295845469588,37.310791634901975,1.3574531457602603,6,0.2262421909600434,True,94,UGC04483_rotmod,1.0
PseudoIso,0.2793183420091163,29.507235753330548,1.6184474549270904,6,0.2697412424878484,True,93,UGC04483_rotmod,3.0
Einasto_alpha0.18,4.786479289485698,24.575282517002478,6.629116575231583,6,1.104852762538597,True,134,UGC04483_rotmod,5.0
GenFT,0.3489178664736819,73.23536326059848,1.8817157752785474,7,0.26881653932550675,True,125,UGC04499_rotmod,3.0
NFW,12.009531240416397,186.49028630103328,6.966048170697647,7,0.9951497386710925,True,125,UGC04499_rotmod,4.0
Burkert,2.8021223083808158,112.58279360012244,0.6161150718517828,7,0.08801643883596898,True,92,UGC04499_rotmod,1.0
PseudoIso,1.5131778616976472,87.29086983394687,0.6383247355949198,7,0.09118924794213139,True,98,UGC04499_rotmod,2.0
Einasto_alpha0.18,27.196001874505058,76.92757902913142,9.670524633256887,7,1.3815035190366982,True,133,UGC04499_rotmod,5.0
GenFT,1.088192921119755,99.7600095831217,0.4841876174602485,9,0.053798624162249835,True,115,UGC05005_rotmod,1.0
NFW,52.74426473168804,271.97799656414475,2.0340293237450298,9,0.2260032581938922,True,126,UGC05005_rotmod,4.0
Burkert,8.845963869201508,152.34508864104137,0.5049327474024918,9,0.05610363860027687,True,97,UGC05005_rotmod,2.0
PseudoIso,4.859744058351659,117.35938166877807,0.5607019694807709,9,0.06230021883119677,True,100,UGC05005_rotmod,3.0
Einasto_alpha0.18,92.41487002205204,103.0081520785857,4.651734504601238,9,0.5168593894001376,True,140,UGC05005_rotmod,5.0
GenFT,0.656963780404895,285.3337978614667,61468.897350662046,71,865.7591176149584,True,233,UGC05253_rotmod,5.0
NFW,2.4800538666682357,565.4854039430593,1620.1440514472415,71,22.818930302073824,True,110,UGC05253_rotmod,3.0
Burkert,1.3912937227356204,416.1978313471574,4440.2752404585035,71,62.53908789378174,True,95,UGC05253_rotmod,4.0
PseudoIso,0.00459111929404062,244.256031061886,344.30969572610474,71,4.849432334170489,True,126,UGC05253_rotmod,1.0
Einasto_alpha0.18,2.754730555309546,259.73092846225904,1091.8202286819353,71,15.377749699745568,True,92,UGC05253_rotmod,2.0
GenFT,0.2904236188576016,63.337183382964035,0.41189755057589716,4,0.10297438764397429,True,129,UGC05414_rotmod,2.0
NFW,23637.20696391259,6636.624395914128,4.9956652551965455,4,1.2489163137991364,True,1011,UGC05414_rotmod,4.0
Burkert,2.5060200383131193,100.14358694865291,0.4323342403806154,4,0.10808356009515385,True,101,UGC05414_rotmod,3.0
PseudoIso,1.5389389300568679,82.29774569383825,0.3279797014304332,4,0.0819949253576083,True,92,UGC05414_rotmod,1.0
Einasto_alpha0.18,27.06941658226512,57.91172272757285,20.05864312956807,4,5.014660782392017,True,168,UGC05414_rotmod,5.0
GenFT,0.44101246101890973,72.64981773543235,113.65310516409873,10,11.365310516409874,True,121,UGC05716_rotmod,5.0
NFW,9.799462805186282,166.09726546426316,23.128479959590365,10,2.3128479959590367,True,112,UGC05716_rotmod,1.0
Burkert,3.408639308787528,110.28054183180129,75.00123817785796,10,7.500123817785796,True,90,UGC05716_rotmod,4.0
PseudoIso,1.6013622470850921,82.6841510774814,40.2646025994863,10,4.02646025994863,True,107,UGC05716_rotmod,3.0
Einasto_alpha0.18,15.892153547902026,75.91183797222644,27.319485223734368,10,2.731948522373437,True,106,UGC05716_rotmod,2.0
GenFT,0.11182311441129449,85.68908161917915,25.16503377408508,21,1.198334941623099,True,113,UGC05721_rotmod,4.0
NFW,2.006543162280394,173.85326518411446,18.87294217476585,21,0.8987115321317072,True,102,UGC05721_rotmod,2.0
Burkert,0.8524849336240692,125.37101714660203,13.914754122969835,21,0.6626073391890398,True,87,UGC05721_rotmod,1.0
PseudoIso,0.30049028847994574,85.18567917675952,19.335474201416037,21,0.920736866734097,True,99,UGC05721_rotmod,3.0
Einasto_alpha0.18,2.6897144848128196,81.38547742116523,29.15966496654063,21,1.3885554745971729,True,103,UGC05721_rotmod,5.0
GenFT,0.90116662975696,82.78049156243796,0.6141642671026319,9,0.06824047412251466,True,113,UGC05750_rotmod,1.0
NFW,66.11314230326393,267.5243817968959,11.716340327743909,9,1.3018155919715455,True,127,UGC05750_rotmod,4.0
Burkert,7.503718203832088,127.48837260352728,0.7005263032700594,9,0.07783625591889548,True,101,UGC05750_rotmod,2.0
PseudoIso,4.438457789868733,101.87430671643197,1.3729883595096068,9,0.1525542621677341,True,90,UGC05750_rotmod,3.0
Einasto_alpha0.18,36.7289867411822,74.87416072505562,22.795768743058236,9,2.5328631936731374,True,154,UGC05750_rotmod,5.0
GenFT,0.1360532224964729,54.54962290970036,17.007784779840662,8,2.125973097480083,True,125,UGC05764_rotmod,1.0
NFW,3.4263200895833608,131.20158227938265,59.97052761207022,8,7.496315951508778,True,113,UGC05764_rotmod,4.0
Burkert,1.0980318893882006,84.45238950127211,21.26694285682804,8,2.658367857103505,True,100,UGC05764_rotmod,2.0
PseudoIso,0.5696126655921696,65.47722364809994,34.397035201801735,8,4.299629400225217,True,124,UGC05764_rotmod,3.0
Einasto_alpha0.18,6.155803010317907,58.90093116093084,73.81109721242866,8,9.226387151553583,True,146,UGC05764_rotmod,5.0
GenFT,0.5334718733326015,70.53846041576654,2.5751393343909834,9,0.28612659271010926,True,124,UGC05829_rotmod,2.0
NFW,58149.823266146675,8605.879329484069,1.89140820622738,9,0.21015646735859778,True,1002,UGC05829_rotmod,1.0
Burkert,4.515606282869852,110.4947987487117,3.0132243905278977,9,0.3348027100586553,True,105,UGC05829_rotmod,4.0
PseudoIso,2.6929404114623443,89.67511047803136,2.9130715588626916,9,0.3236746176514102,True,86,UGC05829_rotmod,3.0
Einasto_alpha0.18,74.64277949483584,62.21234400049504,10.870746904475997,9,1.2078607671639996,True,158,UGC05829_rotmod,5.0
GenFT,0.20161178579524247,42.737563017180406,0.7035909837068686,6,0.11726516395114477,True,129,UGC05918_rotmod,3.0
NFW,9.649355349502548,121.18236110665451,0.8585102334808868,6,0.14308503891348115,True,116,UGC05918_rotmod,4.0
Burkert,1.6288361576304362,65.86824107840741,0.38485677077883546,6,0.0641427951298059,True,85,UGC05918_rotmod,2.0
PseudoIso,0.8989135423307623,51.49151120564143,0.08273476899830594,6,0.013789128166384322,True,101,UGC05918_rotmod,1.0
Einasto_alpha0.18,22.292460603821908,44.8966369635766,1.406570830174057,6,0.23442847169567615,True,150,UGC05918_rotmod,5.0
GenFT,0.33887044893461393,115.84997796989433,6.889572329251051,13,0.5299671022500808,True,121,UGC05986_rotmod,1.0
NFW,13.32595445807409,304.2826830340628,113.46304435692805,13,8.727926488994466,True,121,UGC05986_rotmod,4.0
Burkert,2.8068611771730985,178.99080428884508,17.657540057744303,13,1.358272312134177,True,99,UGC05986_rotmod,2.0
PseudoIso,1.5739756366775615,140.102973792368,37.573986506892425,13,2.8903066543763405,True,105,UGC05986_rotmod,3.0
Einasto_alpha0.18,25.07901832900047,125.25481951934813,146.39092973499947,13,11.260840748846114,True,161,UGC05986_rotmod,5.0
GenFT,0.8516127348135892,100.01687045912983,1.0708502721062985,3,0.3569500907020995,True,131,UGC05999_rotmod,2.0
NFW,53.57333133560965,317.0262242259349,5.652262097968425,3,1.884087365989475,True,127,UGC05999_rotmod,4.0
Burkert,7.286035587219965,156.9951643170075,1.0585989634707023,3,0.35286632115690075,True,103,UGC05999_rotmod,1.0
PseudoIso,4.361563659426943,126.57489727760853,1.607034758695125,3,0.535678252898375,True,102,UGC05999_rotmod,3.0
Einasto_alpha0.18,104.00229322530176,101.84412073880242,7.312105675146913,3,2.4373685583823046,True,138,UGC05999_rotmod,5.0
GenFT,0.3936986092981317,86.95327869284839,0.22351328163162149,7,0.03193046880451735,True,129,UGC06399_rotmod,1.0
NFW,21.55937371392296,263.95872428332495,6.122875725521591,7,0.8746965322173701,True,143,UGC06399_rotmod,4.0
Burkert,3.3202978866466855,136.01098596225398,0.24192925060586423,7,0.034561321515123464,True,97,UGC06399_rotmod,2.0
PseudoIso,1.9249272335003351,108.72358588907414,0.668433785109482,7,0.09549054072992601,True,104,UGC06399_rotmod,3.0
Einasto_alpha0.18,34.63293013650925,89.55479881547653,9.054346949560992,7,1.2934781356515703,True,145,UGC06399_rotmod,5.0
GenFT,0.294859396623728,82.49421075140611,21.183993679817714,15,1.412266245321181,True,121,UGC06446_rotmod,5.0
NFW,6.134129227382453,183.715559189102,3.149790159768822,15,0.2099860106512548,True,122,UGC06446_rotmod,1.0
Burkert,2.0771680230084346,123.37653789205409,11.704701740401442,15,0.7803134493600961,True,99,UGC06446_rotmod,4.0
PseudoIso,0.8857939305328312,89.98106527317702,3.7572372115248163,15,0.2504824807683211,True,105,UGC06446_rotmod,2.0
Einasto_alpha0.18,9.860329696317887,86.56903290416702,3.860094796389847,15,0.2573396530926565,True,93,UGC06446_rotmod,3.0
GenFT,1.147534999918211,207.70234924597474,66.60786169895005,11,6.055260154450004,True,132,UGC06614_rotmod,5.0
NFW,16.379787102481668,425.8669057671206,25.0549858832931,11,2.277725989390282,True,109,UGC06614_rotmod,3.0
Burkert,7.820216129993299,302.54749517689936,53.68865359267347,11,4.880786690243043,True,93,UGC06614_rotmod,4.0
PseudoIso,0.919510975723874,190.99056297415805,18.444263077253137,11,1.6767511888411943,True,111,UGC06614_rotmod,1.0
Einasto_alpha0.18,19.55241520409936,197.99354492214286,19.776730634452484,11,1.797884603132044,True,95,UGC06614_rotmod,2.0
GenFT,0.22316773950271762,43.72813615457541,0.31139247428912903,5,0.06227849485782581,True,121,UGC06628_rotmod,5.0
NFW,3.9636214782169112,92.54648524580595,0.1568666057231874,5,0.03137332114463748,True,110,UGC06628_rotmod,3.0
Burkert,1.5690009480925515,64.7075806675069,0.03421800064469428,5,0.006843600128938856,True,88,UGC06628_rotmod,1.0
PseudoIso,0.6876840932615602,46.65943511905117,0.11445315618607946,5,0.02289063123721589,True,103,UGC06628_rotmod,2.0
Einasto_alpha0.18,5.642951347027694,43.444387823380396,0.24606830322036083,5,0.04921366064407216,True,84,UGC06628_rotmod,4.0
GenFT,0.3942649877097091,85.82006914809877,0.40012697158722477,7,0.05716099594103211,True,132,UGC06667_rotmod,1.0
NFW,26.82927230431745,280.0238711599057,11.369815547441952,7,1.624259363920279,True,131,UGC06667_rotmod,4.0
Burkert,3.343964321389027,134.35060266525832,0.7358510644868497,7,0.10512158064097853,True,98,UGC06667_rotmod,2.0
PseudoIso,1.962516613334969,107.58983220906856,1.7174307777025608,7,0.2453472539575087,True,95,UGC06667_rotmod,3.0
Einasto_alpha0.18,51.84620048420537,88.5280840724687,17.996984757678902,7,2.5709978225255576,True,152,UGC06667_rotmod,5.0
GenFT,0.5190647428180426,250.37607225303094,1844.7199017243877,43,42.90046283079971,True,132,UGC06786_rotmod,5.0
NFW,5.515461337946834,496.9651940212938,158.49048504754853,43,3.6858252336639192,True,113,UGC06786_rotmod,3.0
Burkert,3.1229326395066495,360.8255587216071,735.7153024702387,43,17.109658196982295,True,107,UGC06786_rotmod,4.0
PseudoIso,0.39823271154099954,230.03130623505086,56.37565150886696,43,1.311061662996906,True,110,UGC06786_rotmod,1.0
Einasto_alpha0.18,5.964847980337003,229.46107591330863,76.10586506821713,43,1.769903838795747,True,69,UGC06786_rotmod,2.0
GenFT,0.495860047443457,256.0696418849668,8343.014884830469,69,120.91325920044157,True,127,UGC06787_rotmod,5.0
NFW,4.304736201466623,532.4954998391073,3316.5548196872423,69,48.06601187952525,True,109,UGC06787_rotmod,3.0
Burkert,2.5847283671350336,383.21640328996415,5618.9466127365895,69,81.43400888024043,True,97,UGC06787_rotmod,4.0
PseudoIso,2.193908718593365e-08,240.72495704963933,1744.7087844865305,69,25.285634557775804,True,188,UGC06787_rotmod,1.0
Einasto_alpha0.18,4.554037848264741,246.41953578164566,2896.4014894622564,69,41.97683318061241,True,91,UGC06787_rotmod,2.0
GenFT,0.7610985597102199,93.4133278963935,5.600592647359908,6,0.933432107893318,True,180,UGC06818_rotmod,1.0
NFW,100373.58784254253,12246.190294751934,10.841231820156214,6,1.8068719700260356,True,930,UGC06818_rotmod,4.0
Burkert,6.485862520509821,146.26139847938123,5.762072095930289,6,0.9603453493217149,True,124,UGC06818_rotmod,2.0
PseudoIso,4.1697608436604305,123.45391772437355,5.998780802527085,6,0.9997968004211808,True,123,UGC06818_rotmod,3.0
Einasto_alpha0.18,52.00114661000464,66.73102062215173,21.587789242475676,6,3.597964873745946,True,176,UGC06818_rotmod,5.0
GenFT,0.40114453446050574,105.25353779737503,6.7768012559897,9,0.7529779173321889,True,124,UGC06917_rotmod,5.0
NFW,12.750541437834855,261.96185502990926,4.698991923647155,9,0.5221102137385727,True,120,UGC06917_rotmod,3.0
Burkert,3.1852740259969536,161.33217820136628,3.1188561518324702,9,0.34653957242583,True,90,UGC06917_rotmod,2.0
PseudoIso,1.700883269340156,124.57517383610141,1.798307946749181,9,0.19981199408324232,True,104,UGC06917_rotmod,1.0
Einasto_alpha0.18,26.039484352969865,112.43291282142177,6.38613979235721,9,0.70957108803969,True,121,UGC06917_rotmod,4.0
GenFT,0.26621009392535677,81.29379017955317,1.3823002282741497,4,0.3455750570685374,True,118,UGC06923_rotmod,1.0
NFW,11.978275418232261,230.91616263842886,2.513780080550862,4,0.6284450201377155,True,138,UGC06923_rotmod,4.0
Burkert,2.244568401639036,127.25173312616468,1.5796211534102458,4,0.39490528835256145,True,101,UGC06923_rotmod,2.0
PseudoIso,1.2718714758102379,101.02680218673157,1.8031033876938272,4,0.4507758469234568,True,101,UGC06923_rotmod,3.0
Einasto_alpha0.18,28.106962411573633,84.03445147145496,2.9854181498495658,4,0.7463545374623914,True,211,UGC06923_rotmod,5.0
GenFT,0.5199852907783329,109.27194874952764,5.833872641838647,8,0.7292340802298308,True,131,UGC06930_rotmod,5.0
NFW,9.775408662211078,238.47821865523863,1.770350681976207,8,0.22129383524702587,True,118,UGC06930_rotmod,3.0
Burkert,3.647739720992241,163.47711550949904,1.6989925131569674,8,0.21237406414462093,True,91,UGC06930_rotmod,2.0
PseudoIso,1.6040130870791516,119.45356801433212,0.7509659729316287,8,0.09387074661645359,True,106,UGC06930_rotmod,1.0
Einasto_alpha0.18,14.794132666976688,111.7466021569804,2.837462743156921,8,0.3546828428946151,True,89,UGC06930_rotmod,4.0
GenFT,0.18429612187954883,183.8270958988623,55.52926308021367,7,7.932751868601953,True,127,UGC06973_rotmod,5.0
NFW,1.8620383880003764,378.0838722264573,9.334308848980035,7,1.3334726927114335,True,106,UGC06973_rotmod,3.0
Burkert,1.1050195302700083,271.18185736707346,17.17009943812074,7,2.452871348302963,True,98,UGC06973_rotmod,4.0
PseudoIso,0.071360480930043,175.2434634477433,2.572251134806701,7,0.3674644478295287,True,122,UGC06973_rotmod,1.0
Einasto_alpha0.18,1.9752694997494533,175.22787787912154,7.417046159823637,7,1.0595780228319482,True,89,UGC06973_rotmod,2.0
GenFT,0.42483971131037973,110.12647022484134,21.798638520196924,15,1.4532425680131282,True,126,UGC06983_rotmod,5.0
NFW,7.718032999609736,240.0746196045041,8.105542965893445,15,0.540369531059563,True,108,UGC06983_rotmod,2.0
Burkert,2.9862600298263375,164.9511211794156,10.131445067790139,15,0.6754296711860093,True,90,UGC06983_rotmod,4.0
PseudoIso,1.2946584303881938,120.52101212988129,6.7869837274184475,15,0.4524655818278965,True,110,UGC06983_rotmod,1.0
Einasto_alpha0.18,10.973500904394278,113.5064343700243,9.463615031561313,15,0.6309076687707542,True,108,UGC06983_rotmod,3.0
GenFT,0.5108617802353057,75.9464528126228,2.1360011106891097,10,0.21360011106891097,True,120,UGC07089_rotmod,2.0
NFW,146.51947279246855,478.11262060211607,2.408239733773261,10,0.24082397337732608,True,204,UGC07089_rotmod,4.0
Burkert,4.3055408658101,118.85812263005317,2.2145193063307937,10,0.22145193063307939,True,96,UGC07089_rotmod,3.0
PseudoIso,2.5306972726626116,95.6841202086054,1.7455794336211228,10,0.17455794336211228,True,104,UGC07089_rotmod,1.0
Einasto_alpha0.18,52.00114657762651,75.19399350053475,10.200661537399112,10,1.0200661537399112,True,150,UGC07089_rotmod,5.0
GenFT,0.628581408395402,64.96580670140634,16.04095558319027,11,1.4582686893809338,True,128,UGC07125_rotmod,5.0
NFW,14.833935652444904,149.53169924059088,4.6750669497934645,11,0.4250060863448604,True,123,UGC07125_rotmod,2.0
Burkert,4.668822193783952,98.12382280797127,9.091911011264326,11,0.8265373646603933,True,87,UGC07125_rotmod,4.0
PseudoIso,2.1684821457699597,73.12294961695083,3.5565061085151544,11,0.3233187371377413,True,102,UGC07125_rotmod,1.0
Einasto_alpha0.18,24.623213943849912,68.35759319336596,7.3351888792402455,11,0.6668353526582042,True,121,UGC07125_rotmod,3.0
GenFT,0.19576491655120049,72.48853564857757,15.525277825689564,9,1.7250308695210625,True,129,UGC07151_rotmod,3.0
NFW,6.535959876890427,181.53518668363267,35.042343147023956,9,3.8935936830026616,True,117,UGC07151_rotmod,4.0
Burkert,1.522040713695606,110.39756665777865,8.443525572771687,9,0.9381695080857431,True,87,UGC07151_rotmod,1.0
PseudoIso,0.8216436259325721,85.32635924021149,9.47856101975188,9,1.0531734466390976,True,105,UGC07151_rotmod,2.0
Einasto_alpha0.18,11.961436161235387,77.65949248544959,44.366015091940774,9,4.929557232437864,True,134,UGC07151_rotmod,5.0
GenFT,0.1250474424118181,63.5352391011001,0.26118610484141175,2,0.13059305242070587,True,107,UGC07232_rotmod,1.0
NFW,11997.69835639507,6907.278859767366,3.2080983049722454,2,1.6040491524861227,True,823,UGC07232_rotmod,4.0
Burkert,1.0060637963159196,95.63408186790872,0.3642780877288645,2,0.18213904386443225,True,125,UGC07232_rotmod,2.0
PseudoIso,0.6217905181184906,78.69534404219377,0.44595633922458094,2,0.22297816961229047,True,105,UGC07232_rotmod,3.0
Einasto_alpha0.18,8.359672770027508,38.27203768997942,7.756004685952442,2,3.878002342976221,True,143,UGC07232_rotmod,5.0
GenFT,0.21099382348908377,75.41834498411538,4.235480213299138,5,0.8470960426598276,True,122,UGC07261_rotmod,5.0
NFW,4.214079636278637,164.10931838609577,0.30731737086730204,5,0.06146347417346041,True,120,UGC07261_rotmod,2.0
Burkert,1.4804013629561448,112.16042400429089,1.502350746744047,5,0.3004701493488094,True,91,UGC07261_rotmod,4.0
PseudoIso,0.6573301529984292,81.56701868956341,0.17199762522427134,5,0.034399525044854266,True,106,UGC07261_rotmod,1.0
Einasto_alpha0.18,6.42228508564834,76.33539025450902,0.4192592415746625,5,0.0838518483149325,True,87,UGC07261_rotmod,3.0
GenFT,0.45271571507347963,91.26755304465993,5.25491233944998,8,0.6568640424312475,True,131,UGC07323_rotmod,1.0
NFW,66400.60367426353,12915.694723012235,5.585765098736055,8,0.6982206373420069,True,1131,UGC07323_rotmod,2.0
Burkert,3.895225723409242,144.05147441752516,6.423401092354846,8,0.8029251365443557,True,106,UGC07323_rotmod,3.0
PseudoIso,2.3804118449923175,118.23575706325606,6.864371035021316,8,0.8580463793776645,True,118,UGC07323_rotmod,4.0
Einasto_alpha0.18,52.30000372483589,79.86571907930706,30.169785339036046,8,3.771223167379506,True,170,UGC07323_rotmod,5.0
GenFT,0.1929609734133242,98.92117762843179,27.01728231454436,8,3.377160289318045,True,124,UGC07399_rotmod,5.0
NFW,5.0924519321167026,231.99886522152542,7.355568728989545,8,0.9194460911236931,True,112,UGC07399_rotmod,2.0
Burkert,1.4130550717595955,148.6796993699618,10.568543104665977,8,1.3210678880832472,True,92,UGC07399_rotmod,3.0
PseudoIso,0.6941178959603783,111.76183490314556,1.6480065884743114,8,0.20600082355928892,True,110,UGC07399_rotmod,1.0
Einasto_alpha0.18,9.128784520176742,105.94505623239891,11.030806332851608,8,1.378850791606451,True,137,UGC07399_rotmod,4.0
GenFT,0.47274753829823585,79.07481088736766,16.869248348491087,29,0.5816982189134857,True,136,UGC07524_rotmod,3.0
NFW,26.714307688570933,236.96761388176054,20.11389330009715,29,0.6935825275895569,True,120,UGC07524_rotmod,4.0
Burkert,3.8934869719638563,122.43405420012685,16.6289965305098,29,0.5734136734658551,True,98,UGC07524_rotmod,2.0
PseudoIso,2.173204147843564,96.01917469782799,15.351847629161314,29,0.5293740561779764,True,99,UGC07524_rotmod,1.0
Einasto_alpha0.18,41.46821016562211,82.34525248402318,44.88154046357527,29,1.5476393263301818,True,128,UGC07524_rotmod,5.0
GenFT,0.1865152413312031,34.39281760526815,0.12254389790550134,5,0.024508779581100266,True,120,UGC07559_rotmod,1.0
NFW,20818.556715329374,4228.241662159317,1.7829296570632271,5,0.35658593141264544,True,1016,UGC07559_rotmod,4.0
Burkert,1.626640365453072,54.63778237013129,0.1270849453120427,5,0.02541698906240854,True,98,UGC07559_rotmod,2.0
PseudoIso,1.0162459007376854,45.28810613188388,0.17527448484383912,5,0.035054896968767825,True,98,UGC07559_rotmod,3.0
Einasto_alpha0.18,21.453600208201195,30.933828050692313,5.160224012804508,5,1.0320448025609017,True,145,UGC07559_rotmod,5.0
GenFT,0.4018244592096707,34.38607477374407,0.18511682258266274,7,0.02644526036895182,True,108,UGC07577_rotmod,1.0
NFW,25969.87328513211,2703.695196096105,1.8668415558050275,7,0.26669165082928964,True,799,UGC07577_rotmod,4.0
Burkert,2.74847993182991,45.57342772991574,0.2538213186095553,7,0.036260188372793614,True,109,UGC07577_rotmod,2.0
PseudoIso,1.655975734034668,36.69376730208456,0.2998369562946569,7,0.0428338508992367,True,107,UGC07577_rotmod,3.0
Einasto_alpha0.18,15.127026980569472,14.351504034141875,4.153334509310421,7,0.5933335013300601,True,129,UGC07577_rotmod,5.0
GenFT,0.15680192458591435,62.89676207895448,2.72325939084003,10,0.27232593908400304,True,110,UGC07603_rotmod,2.0
NFW,5.442495359129433,157.95229455806864,17.55864337750464,10,1.7558643377504641,True,112,UGC07603_rotmod,4.0
Burkert,1.2526291729538843,96.1831690310267,2.1956675468158036,10,0.21956675468158035,True,87,UGC07603_rotmod,1.0
PseudoIso,0.6793700159550266,74.25545412954322,4.802227556747708,10,0.4802227556747708,True,102,UGC07603_rotmod,3.0
Einasto_alpha0.18,13.534708308360607,67.02249640577737,23.13647514731364,10,2.3136475147313638,True,141,UGC07603_rotmod,5.0
GenFT,0.35140393440291096,72.37310376484213,0.4634831486490532,6,0.07724719144150886,True,121,UGC07608_rotmod,3.0
NFW,27400.08924151848,7433.4802073875435,2.7028537597507656,6,0.4504756266251276,True,898,UGC07608_rotmod,4.0
Burkert,3.028245228815552,114.37430107372771,0.39263414440187205,6,0.06543902406697867,True,104,UGC07608_rotmod,2.0
PseudoIso,1.8759463620036594,94.43654212805687,0.32257592056470624,6,0.05376265342745104,True,93,UGC07608_rotmod,1.0
Einasto_alpha0.18,35.75600035311143,64.8431930458836,7.2674721135454865,6,1.211245352257581,True,138,UGC07608_rotmod,5.0
GenFT,0.08715832666759468,63.37328712488863,1.8171951504725503,5,0.36343903009451006,True,116,UGC07690_rotmod,2.0
NFW,1.0895113606549869,126.36656277278988,1.921884408504794,5,0.3843768817009588,True,102,UGC07690_rotmod,3.0
Burkert,0.58187443047259,91.58277657570636,0.3556466502323945,5,0.0711293300464789,True,100,UGC07690_rotmod,1.0
PseudoIso,0.169848302506804,61.37494431687861,3.784382576351085,5,0.756876515270217,True,115,UGC07690_rotmod,5.0
Einasto_alpha0.18,1.2172103719945895,58.39939091211632,2.7009196686910277,5,0.5401839337382055,True,80,UGC07690_rotmod,4.0
GenFT,0.12770994592082238,31.543502613412045,0.5568935353969882,5,0.11137870707939763,True,122,UGC07866_rotmod,4.0
NFW,13.818523306894756,125.90954665659586,0.21571690865239204,5,0.04314338173047841,True,127,UGC07866_rotmod,1.0
Burkert,1.0536084368836405,49.035181908909735,0.4813675382815761,5,0.09627350765631522,True,95,UGC07866_rotmod,3.0
PseudoIso,0.6002661320550247,38.961310422172886,0.2943511328484053,5,0.058870226569681064,True,92,UGC07866_rotmod,2.0
Einasto_alpha0.18,13.136628830925806,31.555574912075414,0.8096825157592842,5,0.16193650315185684,True,166,UGC07866_rotmod,5.0
GenFT,0.251992517246057,84.50004083179749,51.245076096866285,15,3.4163384064577524,True,119,UGC08286_rotmod,4.0
NFW,4.912512065700971,184.2051949618276,45.384438502280986,15,3.025629233485399,True,131,UGC08286_rotmod,3.0
Burkert,1.7821661674556526,126.16021210537875,15.84368841560532,15,1.0562458943736879,True,95,UGC08286_rotmod,2.0
PseudoIso,0.7948707190109469,92.1758259341131,13.003735743153845,15,0.8669157162102563,True,112,UGC08286_rotmod,1.0
Einasto_alpha0.18,7.705859969056947,86.16935689484666,62.246676864002445,15,4.149778457600163,True,89,UGC08286_rotmod,5.0
GenFT,0.16491913935104247,86.49370501474928,78.11712253460205,28,2.7898972333786447,True,135,UGC08490_rotmod,5.0
NFW,2.5175775243400684,172.14173041727003,3.5487565847921316,28,0.126741306599719,True,98,UGC08490_rotmod,1.0
Burkert,1.1620623251741007,125.55131977893532,24.99811913048334,28,0.8927899689458335,True,97,UGC08490_rotmod,4.0
PseudoIso,0.34416276541352825,82.8550447277938,10.293030132558128,28,0.3676082190199331,True,126,UGC08490_rotmod,3.0
Einasto_alpha0.18,3.047857411399587,79.71953229876748,9.749032090261027,28,0.34817971750932236,True,89,UGC08490_rotmod,2.0
GenFT,0.17185106132465983,56.74266727081146,32.76865038518338,9,3.6409611539092643,True,131,UGC08550_rotmod,5.0
NFW,3.7839458436439717,125.99213630903449,11.20659720449278,9,1.2451774671658644,True,110,UGC08550_rotmod,2.0
Burkert,1.1911580563096498,84.55903820655163,14.510977198705433,9,1.6123307998561591,True,101,UGC08550_rotmod,4.0
PseudoIso,0.5457151187591093,61.925734373067456,5.243595368852194,9,0.5826217076502438,True,105,UGC08550_rotmod,1.0
Einasto_alpha0.18,6.519268032258156,58.43592232383462,13.896509118064644,9,1.5440565686738494,True,122,UGC08550_rotmod,3.0
GenFT,0.3267627557909142,206.1087236498165,4093.2451063554972,39,104.95500272706403,True,133,UGC08699_rotmod,5.0
NFW,1.5450571827065458,428.1100404398866,314.4472669738286,39,8.062750435226375,True,114,UGC08699_rotmod,3.0
Burkert,1.000105092531546,311.35718876038624,498.03262750895414,39,12.770067372024466,True,105,UGC08699_rotmod,4.0
PseudoIso,2.6120421608060326e-11,186.72596968239446,174.64101623933755,39,4.477974775367629,True,200,UGC08699_rotmod,1.0
Einasto_alpha0.18,1.6482666638447858,196.81408997414113,296.5114522453534,39,7.602857749880856,True,98,UGC08699_rotmod,2.0
GenFT,1.2226034206485594,115.92687105902472,2.220689942198415,6,0.3701149903664025,True,129,UGC08837_rotmod,3.0
NFW,61152.03413584834,7125.814276259593,41.7560667587845,6,6.959344459797417,True,661,UGC08837_rotmod,4.0
Burkert,8.124762023581052,149.78946249677463,1.747006929010269,6,0.2911678215017115,True,117,UGC08837_rotmod,2.0
PseudoIso,4.6613896953062905,115.93445260145886,1.5031740127799582,6,0.250529002129993,True,124,UGC08837_rotmod,1.0
Einasto_alpha0.18,31.311522822512913,37.81877673132229,75.47286966221341,6,12.578811610368902,True,141,UGC08837_rotmod,5.0
GenFT,0.8182850289900883,155.28765901464934,23.488250014354545,20,1.1744125007177273,True,125,UGC09037_rotmod,4.0
NFW,23.520633301030692,370.21582297569057,21.19612089757787,20,1.0598060448788935,True,128,UGC09037_rotmod,3.0
Burkert,6.3341248506638665,235.38103204153163,12.294014742952099,20,0.614700737147605,True,98,UGC09037_rotmod,2.0
PseudoIso,3.2765250370304697,179.0288901543201,9.188296432962202,20,0.4594148216481101,True,115,UGC09037_rotmod,1.0
Einasto_alpha0.18,48.13370423526668,170.83676869148613,28.617034826372574,20,1.4308517413186288,True,102,UGC09037_rotmod,5.0
GenFT,1.4981439317684195,268.6919896833632,47382.414820600665,66,717.915376069707,True,145,UGC09133_rotmod,5.0
NFW,4.805681598372628,633.8102317546661,2120.2730618830874,66,32.12534942247102,True,125,UGC09133_rotmod,1.0
Burkert,3.1260593792011733,475.6069072824457,4360.503296376896,66,66.0682317632863,True,96,UGC09133_rotmod,3.0
PseudoIso,8.133065757078743e-13,243.45890695585103,4532.2792156510195,66,68.67089720683363,True,248,UGC09133_rotmod,4.0
Einasto_alpha0.18,5.286782134803776,288.5802403633275,2160.602333580313,66,32.7363989936411,True,101,UGC09133_rotmod,2.0
GenFT,0.10935553939449714,35.074502610714525,0.7920287992274595,3,0.2640095997424865,True,124,UGC09992_rotmod,5.0
NFW,1.5527557272698953,72.48482191451194,0.03724030606166175,3,0.012413435353887252,True,102,UGC09992_rotmod,3.0
Burkert,0.7220873634226699,51.574018339128635,0.22042016961176022,3,0.07347338987058674,True,87,UGC09992_rotmod,4.0
PseudoIso,0.23486968333259117,35.66686432763444,0.007419983220653005,3,0.0024733277402176684,True,102,UGC09992_rotmod,1.0
Einasto_alpha0.18,1.9193194114164869,33.89303370048287,0.013089127017920386,3,0.0043630423393067955,True,70,UGC09992_rotmod,2.0
GenFT,0.29783674897705714,72.87843943970915,0.4118735268795357,5,0.08237470537590715,True,128,UGC10310_rotmod,2.0
NFW,9.208881883288736,177.32441899563193,3.384878825526853,5,0.6769757651053706,True,117,UGC10310_rotmod,4.0
Burkert,2.365484448223386,111.22666952418675,0.17426456609925367,5,0.034852913219850734,True,91,UGC10310_rotmod,1.0
PseudoIso,1.2792956638748194,85.69176746258125,0.8785896963548137,5,0.17571793927096274,True,105,UGC10310_rotmod,3.0
Einasto_alpha0.18,18.809398853835752,76.31416978657546,4.334787204321677,5,0.8669574408643355,True,132,UGC10310_rotmod,5.0
GenFT,0.953018639352309,295.21027039007913,74.37246544495272,34,2.1874254542633156,True,123,UGC11455_rotmod,2.0
NFW,19.748123460094895,614.0136680795712,461.69413369493884,34,13.57923922632173,True,113,UGC11455_rotmod,4.0
Burkert,6.644178798170859,428.07904535971613,50.90972597142929,34,1.4973448815126262,True,100,UGC11455_rotmod,1.0
PseudoIso,2.92158953311879,305.0181674002864,175.57737594471342,34,5.16404046896216,True,108,UGC11455_rotmod,3.0
Einasto_alpha0.18,36.49693196930849,296.57492515909905,676.0793187248022,34,19.884685844847123,True,163,UGC11455_rotmod,5.0
GenFT,0.5328141850530388,85.32627038412267,2.7531256265819053,10,0.27531256265819054,True,113,UGC11557_rotmod,1.0
NFW,55.86715040896974,331.4736380274761,12.387810952230295,10,1.2387810952230294,True,149,UGC11557_rotmod,4.0
Burkert,4.597619194520568,134.3683288264439,2.754487996488368,10,0.2754487996488368,True,103,UGC11557_rotmod,2.0
PseudoIso,2.787599226287763,109.0525731293533,3.376387360480858,10,0.3376387360480858,True,85,UGC11557_rotmod,3.0
Einasto_alpha0.18,39.09859882027031,84.6732295243927,19.99218823913845,10,1.999218823913845,True,177,UGC11557_rotmod,5.0
GenFT,0.7443863831214645,81.3800370995454,95.45396062065811,8,11.931745077582264,True,114,UGC11820_rotmod,5.0
NFW,23.653742715184904,208.2064038104433,12.629978545073318,8,1.5787473181341647,True,117,UGC11820_rotmod,1.0
Burkert,6.001711819141519,126.10879764031567,91.15041408732955,8,11.393801760916194,True,103,UGC11820_rotmod,4.0
PseudoIso,3.0226773567366507,97.04171124256834,79.30034855432336,8,9.91254356929042,True,86,UGC11820_rotmod,3.0
Einasto_alpha0.18,52.13146386246379,85.57323838704467,12.635309115407166,8,1.5794136394258957,True,140,UGC11820_rotmod,2.0
GenFT,0.14211676626770187,327.43011046898835,1568.2547438424656,63,24.8929324419439,True,142,UGC11914_rotmod,5.0
NFW,1.530781167054732,642.0539718831517,254.6220175559157,63,4.041619326284376,True,106,UGC11914_rotmod,3.0
Burkert,0.8464458725276347,472.7574334055811,638.6071173433562,63,10.136620910212004,True,110,UGC11914_rotmod,4.0
PseudoIso,0.11807719950155988,293.33629902898883,148.9415644818476,63,2.364151817172184,True,132,UGC11914_rotmod,1.0
Einasto_alpha0.18,1.6701160436274987,295.29966209912607,203.02865125876775,63,3.2226770041074246,True,90,UGC11914_rotmod,2.0
GenFT,0.8671443398157044,262.5325684874098,52.129334956461754,29,1.7975632743607501,True,126,UGC12506_rotmod,5.0
NFW,10.276358445391633,527.6182763295301,4.662180745645832,29,0.16076485329813214,True,108,UGC12506_rotmod,1.0
Burkert,5.514836077257999,383.36104441627765,20.01774638584248,29,0.690267116753189,True,105,UGC12506_rotmod,4.0
PseudoIso,1.1145604650364849,248.73591529419105,18.859586281881995,29,0.6503305614442068,True,124,UGC12506_rotmod,3.0
Einasto_alpha0.18,11.26761689211153,243.65586272018422,6.955544398864671,29,0.23984635858154038,True,93,UGC12506_rotmod,2.0
GenFT,0.40940714223605185,72.01102546443927,7.048156329456015,13,0.5421658714966165,True,124,UGC12632_rotmod,5.0
NFW,10.930733867117734,169.81407936493025,3.5867538128293495,13,0.2759041394484115,True,117,UGC12632_rotmod,3.0
Burkert,3.175940454362528,109.52813518036402,2.882740188065026,13,0.22174924523577122,True,89,UGC12632_rotmod,2.0
PseudoIso,1.5986912411946084,82.97162908128246,0.9819728076602479,13,0.07553636982001907,True,106,UGC12632_rotmod,1.0
Einasto_alpha0.18,21.082781606701435,75.06144238765805,5.443139493587144,13,0.4187030379682418,True,106,UGC12632_rotmod,4.0
GenFT,0.5992417250387106,89.94271472068709,58.05740264532092,14,4.146957331808637,True,124,UGC12732_rotmod,5.0
NFW,17.474553623182146,217.66574255128265,6.502943024126426,14,0.46449593029474473,True,110,UGC12732_rotmod,2.0
Burkert,4.27126304416848,135.19288605951903,41.95561140660682,14,2.9968293861862016,True,87,UGC12732_rotmod,4.0
PseudoIso,1.870737850078056,99.53643680053784,19.3046917081721,14,1.3789065505837215,True,103,UGC12732_rotmod,3.0
Einasto_alpha0.18,37.180228615950476,94.82880354357081,5.76663680627087,14,0.4119026290193478,True,111,UGC12732_rotmod,1.0
GenFT,0.05793938096191095,29.75816831858152,0.4404721851878778,5,0.08809443703757555,True,139,UGCA281_rotmod,1.0
NFW,5.390944066027625,111.87516790720628,6.236453628041256,5,1.2472907256082513,True,135,UGCA281_rotmod,4.0
Burkert,0.49875045655587813,46.88524006325042,0.5787417160710291,5,0.11574834321420582,True,103,UGCA281_rotmod,2.0
PseudoIso,0.30075137271637703,38.08410052587226,1.090213862854294,5,0.21804277257085877,True,93,UGCA281_rotmod,3.0
Einasto_alpha0.18,5.980718182834181,29.873666239852252,11.001812501353017,5,2.2003625002706033,True,142,UGCA281_rotmod,5.0
GenFT,0.2856251952624803,56.771121795215585,2.338152644455798,6,0.38969210740929966,True,196,UGCA442_rotmod,1.0
NFW,11.00703343175329,145.2698323405665,26.640534665289167,6,4.4400891108815275,True,131,UGCA442_rotmod,4.0
Burkert,2.317566413994254,86.92101810645346,4.365992638595147,6,0.7276654397658578,True,95,UGCA442_rotmod,2.0
PseudoIso,1.250064033523005,66.80046946531058,8.398989997949123,6,1.3998316663248538,True,98,UGCA442_rotmod,3.0
Einasto_alpha0.18,25.029200134021167,57.167597643838555,37.13484445221684,6,6.18914074203614,True,133,UGCA442_rotmod,5.0
GenFT,0.14506421768450295,35.07504116760511,4.016456645275592,34,0.11813107780222329,True,111,UGCA444_rotmod,2.0
NFW,7389.953174209726,2879.0126331636693,4.583401994197933,34,0.13480594100582155,True,1266,UGCA444_rotmod,4.0
Burkert,1.219874374113746,54.79253584243913,4.2827988612524015,34,0.12596467238977652,True,92,UGCA444_rotmod,3.0
PseudoIso,0.7180542414507274,44.13200083661961,3.7718191867899478,34,0.11093585843499847,True,91,UGCA444_rotmod,1.0
Einasto_alpha0.18,14.217672265786305,34.22046156177805,19.669128966755267,34,0.5785037931398608,True,158,UGCA444_rotmod,5.0
