r_kpc,phi_mid,lap_phi,K_free_phi,V_eff,K_eff_phi
0.05,0.9876543209876544,-9.591230046854092,9.591230046854092,0.401004156672946,9.987283534926137
0.3002503128911138,0.9301784103146191,-1.3448026985179515,1.3448026985179515,0.33600173232152997,1.6573442557517506
0.5505006257822278,0.8790241621629056,-0.6187711708141548,0.6187711708141548,0.272013242666637,0.8578773835464105
0.8007509386733417,0.8332029824286981,-0.3621651788687069,0.3621651788687069,0.25578511521563424,0.5752860997272415
1.0510012515644556,0.7919221953788019,-0.23685452157190967,0.23685452157190967,0.2816351736586506,0.4598876665915584
1.301251564455569,0.7545388011426684,-0.1654330714143378,0.1654330714143378,0.3430502878346992,0.42427782432877903
1.551501877346683,0.7205257403086357,-0.12079517668064296,0.12079517668064296,0.43570488412225816,0.4347317608689214
1.801752190237797,0.6894468892915696,-0.0911142185555796,0.0911142185555796,0.5531996915793589,0.4725160250720243
2.052002503128911,0.6609382593500223,-0.07047222722131088,0.07047222722131088,0.6843305207073738,0.5227724503977369
2.3022528160200246,0.6346936749081522,-0.0556153671368719,0.0556153671368719,0.81278108415231,0.5714823803333337
2.5525031289111384,0.6104537336809635,-0.044626816435811935,0.044626816435811935,0.9193040316885537,0.6058193949680523
2.8027534418022526,0.5879972035176804,-0.03631608308260702,0.03631608308260702,0.9858089167988084,0.6159689693631001
3.0530037546933664,0.5671342507563861,-0.029912133117260424,0.029912133117260424,1.0,0.5970463838736465
3.30325406758448,0.5477010607852211,-0.02489825956548575,0.02489825956548575,0.9588156949348506,0.5500426327788224
3.5535043804755944,0.529555527940019,-0.02091821485371872,0.02091821485371872,0.8692778989573346,0.4812491315626606
3.803754693366708,0.5125737746984861,-0.2962188468789171,0.2962188468789171,0.7463868451362345,0.6787971694756911
4.054005006257822,0.4802829133162464,-0.855468352726583,0.855468352726583,0.6089019346248167,1.1479135478120885
4.304255319148936,0.401287751354414,0.13069607145702408,-0.13069607145702408,0.47462133260361644,0.05976365584831658
4.554505632040049,0.3387086188690991,0.0984654797450121,-0.0984654797450121,0.35676395863869725,0.022373547947773437
4.804755944931164,0.2884934650095607,0.0753201416856683,-0.0753201416856683,0.26236892772488674,0.0003715793845272819
5.055006257822277,0.24773358396384282,0.05840757141926321,-0.05840757141926321,0.19269922768112183,-0.010669501118754351
5.305256570713391,0.2143042592090454,0.045854486621385374,-0.045854486621385374,0.1449420261577458,-0.014792793077391581
5.555506883604505,0.18662890509721047,0.03640434117361425,-0.03640434117361425,0.11428040179365781,-0.015076314912794604
5.805757196495619,0.16352093841416362,0.02919800118275842,-0.02919800118275842,0.0956157348122556,-0.013562826499098572
6.056007509386733,0.1440757082863105,0.023637763084217084,-0.023637763084217084,0.08461370603472415,-0.011446983456534537
6.306257822277847,0.12759533940727535,0.019301162287300822,-0.019301162287300822,0.07809715043100973,-0.009336329871315096
6.5565081351689605,0.11353562762880579,0.015885231746217653,-0.015885231746217653,0.073996357288534,-0.007484008879218589
6.806758448060075,0.10146796751802366,0.013169783944326455,-0.013169783944326455,0.07109444626558545,-0.0059559749799381525
7.057008760951189,0.09105168946555023,0.010992812075205208,-0.010992812075205208,0.06874038064954116,-0.004733884282559468
7.307259073842302,0.08201371083020195,0.009233751870659885,-0.009233751870659885,0.06661637959746002,-0.0037702953777988338
7.557509386733416,0.07413339552640996,0.007801927106996056,-0.007801927106996056,0.06458167044332562,-0.0030142685882647386
7.80775969962453,0.06723116899967144,0.0066284662938655954,-0.0066284662938655954,0.0625810465544362,-0.0024210693767879893
8.058010012515645,0.06115987234380555,0.005660577120479409,-0.005660577120479409,0.06059710881812436,-0.00195446568075923
8.308260325406758,0.05579813591553913,0.0048574437411476575,-0.0048574437411476575,0.05862768855851464,-0.0015861280065457592
8.558510638297873,0.05104525689346945,0.004187254956194144,-0.004187254956194144,0.056676091803665125,-0.0012942092903581999
8.808760951188987,0.04681720741508604,0.0036250296401843887,-0.0036250296401843887,0.0547472136732011,-0.0010619179822480983
9.0590112640801,0.043043500139172255,0.003151010333784655,-0.003151010333784655,0.05284609919889064,-0.0008763292555624947
9.309261576971217,0.03966470948349135,0.002749465887375844,-0.002749465887375844,0.050977443019990944,-0.0007274604197766692
9.559511889862328,0.03663049818417153,0.0024077914407372044,-0.0024077914407372044,0.0491454266370154,-0.0006075699795496767
9.809762202753442,0.0338980361761715,0.0021158264968088964,-0.0021158264968088964,0.047353673522988485,-0.0005106299586520183
10.060012515644557,0.031430726187864244,0.001865334338174116,-0.001865334338174116,0.04560524738561818,-0.0004319282948669395
10.31026282853567,0.02919717070512419,0.0016496017708303675,-0.0016496017708303675,0.043902669058154604,-0.0003677680479288537
10.560513141426783,0.027170330069594104,0.0014631292961769606,-0.0014631292961769606,0.042247943486362495,-0.0003152387268909333
10.810763454317897,0.025326832829261334,0.0013013897370130058,-0.0013013897370130058,0.040642593079872585,-0.0002720415763313793
11.061013767209012,0.02364640805299456,0.001160639042054568,-0.001160639042054568,0.039087695160975426,-0.00023635545242708207
11.311264080100123,0.02211141587031211,0.0010377671251697986,-0.0010377671251697986,0.03758392179943967,-0.000206733400225099
11.56151439299124,0.020706457522426305,0.0009301796145984667,-0.0009301796145984667,0.0361315806467651,-0.0001820225747181047
11.811764705882354,0.01941805008976332,0.0008357036099389972,-0.0008357036099389972,0.0347306556461281,-0.00016130199895216045
12.062015018773469,0.018234354073825464,0.0007525121924772091,-0.0007525121924772091,0.03338084672964516,-0.00014383401392476034
12.31226533166458,0.017144944364373724,0.0006790636644028207,-0.0006790636644028207,0.032081607826127345,-0.00012902628310421072
12.562515644555695,0.016140616970897147,0.0006140524165060952,-0.0006140524165060952,0.030832182688758026,-0.00011640196535012614
12.812765957446809,0.015213225356221714,0.0005563690224989672,-0.0005563690224989672,0.029631638212090822,-0.0001055762327043989
13.063016270337922,0.014355541367584155,0.0005050676892769348,-0.0005050676892769348,0.028478895041696508,-9.623773340277329e-05
13.313266583229035,0.013561136683235827,0.0004593395986912024,-0.0004593395986912024,0.027372755389032825,-8.813392146374819e-05
13.56351689612015,0.01282428143163514,0.00041849098876136926,-0.00041849098876136926,0.026311928050753986,-8.105941842956511e-05
13.813767209011264,0.012139857234739242,0.0003819250637187358,-0.0003819250637187358,0.02529505069823458,-7.484675949667681e-05
14.06401752190238,0.011503282407116856,0.00034912700984443914,-0.00034912700984443914,0.024320709552249416,-6.935901952344955e-05
14.314267834793492,0.010910447432113184,0.0003196515404955851,-0.0003196515404955851,0.02338745659221826,-6.448392477535883e-05
14.564518147684606,0.010357659153476565,0.0002931125085481363,-0.0002931125085481363,0.022493824471749538,-6.0129141611624574e-05
14.81476846057572,0.009841592380115017,0.00026917421495103766,-0.00026917421495103766,0.021638339324743683,-5.6218499534297115e-05
15.065018773466834,0.009359247814336788,0.00024754411366358737,-0.00024754411366358737,0.020819531651125253,-5.268895756227777e-05
15.315269086357947,0.008907915389023715,0.00022796667011065806,-0.00022796667011065806,0.020035945470169587,-4.94881631232944e-05
15.56551939924906,0.00848514224382189,0.0002102181756522823,-0.0002102181756522823,0.01928614592390309,-4.657248415285882e-05
15.815769712140176,0.00808870469030104,0.00019410235688705204,-0.00019410235688705204,0.01856872550445569,-4.3905419806248745e-05
16.06602002503129,0.007716583615688492,0.00017944664780413728,-0.00017944664780413728,0.017882309068561864,-4.145631463499505e-05
16.316270337922404,0.007366942857887238,0.00016609901635196843,-0.00016609901635196843,0.017225557790464422,-3.9199316414382666e-05
16.566520650813516,0.007038110153994662,0.00015392525605652978,-0.00015392525605652978,0.01659717219191701,-3.711252992500083e-05
16.81677096370463,0.006728560322839687,0.00014280666881021775,-0.00014280666881021775,0.01599589437529124,-3.51773285882986e-05
17.067021276595746,0.0064369003910943225,0.0001326380775721877,-0.0001326380775721877,0.015420509573338004,-3.3377793468694546e-05
17.317271589486857,0.006161856413872685,0.0001233261180397683,-0.0001233261180397683,0.014869847117182875,-3.1700255207448746e-05
17.567521902377973,0.005902261775701321,0.00011478776681217728,-0.00011478776681217728,0.014342780912829731,-3.0132919273123866e-05
17.817772215269088,0.005657046787389502,0.00010694907052631699,-0.00010694907052631699,0.01383822950591207,-2.8665558756738494e-05
18.0680225281602,0.005425229419519844,9.974404618756527e-05,-9.974404618756527e-05,0.013355155804725884,-2.7289262013495186e-05
18.318272841051314,0.005205907034738384,9.311372766531608e-05,-9.311372766531608e-05,0.012892566522722549,-2.5996224908842174e-05
18.56852315394243,0.00499824899934414,8.700533726457244e-05,-8.700533726457244e-05,0.012449511393626102,-2.477957939905731e-05
18.81877346683354,0.004801490070355254,8.137156455994238e-05,-8.137156455994238e-05,0.012025082205138418,-2.36332517567646e-05
19.069023779724656,0.004614924467673071,7.616993741151139e-05,-7.616993741151139e-05,0.011618411690767704,-2.255184502428867e-05
19.31927409261577,0.0044379005525192056,7.136227236444076e-05,-7.136227236444076e-05,0.011228672313609049,-2.1530541299818058e-05
19.569524405506883,0.004269816043270123,6.691419355050696e-05,-6.691419355050696e-05,0.010855074970866267,-2.056502028900222e-05
19.819774718398,0.0041101137083992285,6.279471081409038e-05,-6.279471081409038e-05,0.010496867643475525,-1.965139121738932e-05
20.07002503128911,0.003958277483659143,5.8975849142237194e-05,-5.8975849142237194e-05,0.010153334011315657,-1.8786135741175867e-05
20.320275344180224,0.003813828967066436,5.543232261692229e-05,-5.543232261692229e-05,0.009823792051113665,-1.7966059925947997e-05
20.57052565707134,0.0036763242508311964,5.21412470768868e-05,-5.21412470768868e-05,0.009507592631223942,-1.7188253719694233e-05
20.82077596996245,0.0035453510542247024,4.908188649224209e-05,-4.908188649224209e-05,0.009204118114926892,-1.645005663027735e-05
21.07102628285357,0.003420526125603655,4.623542875186482e-05,-4.623542875186482e-05,0.008912780981712337,-1.5749028552134382e-05
21.32127659574468,0.003301492885495378,4.358478715458254e-05,-4.358478715458254e-05,0.008633022474143097,-1.5082924875877397e-05
21.571526908635796,0.0031879192858694674,4.111442439950734e-05,-4.111442439950734e-05,0.008364311276296577,-1.4449675168786022e-05
21.821777221526908,0.003079495863541071,3.881019630204462e-05,-3.881019630204462e-05,0.00810614222842382,-1.384736484033787e-05
22.072027534418023,0.0029759339681227214,3.6659212830878114e-05,-3.6659212830878114e-05,0.007858035081314997,-1.327421930969282e-05
22.32227784730913,0.0028769641471123567,3.4649714377216256e-05,-3.4649714377216256e-05,0.00761953329289047,-1.2728590275841417e-05
22.57252816020025,0.0027823346726138336,3.277096144015619e-05,-3.277096144015619e-05,0.007390202868723894,-1.2208943760855478e-05
22.822778473091365,0.002691810195867543,3.1013136144458496e-05,-3.1013136144458496e-05,0.007169631247526302,-1.1713849651756667e-05
23.07302878598248,0.002605170517251316,2.9367254210291074e-05,-2.9367254210291074e-05,0.006957426232059004,-1.1241972514580046e-05
23.32327909887359,0.002522209460721662,2.7825086166984272e-05,-2.7825086166984272e-05,0.006753214965482546,-1.0792063490757083e-05
23.573529411764707,0.0024427338428236133,2.6379086754384102e-05,-2.6379086754384102e-05,0.006556642952773583,-1.0362953118333125e-05
23.823779724655815,0.002366562527423487,2.5022331585668355e-05,-2.5022331585668355e-05,0.006367373126539553,-9.95354494627652e-06
24.074030037546933,0.002293525558228674,2.3748460257933945e-05,-2.3748460257933945e-05,0.006185084956321005,-9.56280983079604e-06
24.32428035043805,0.0022234633619666257,2.255162519646886e-05,-2.255162519646886e-05,0.006009473600284299,-9.18978082153105e-06
24.57453066332916,0.0021562260158134896,2.1426445602843213e-05,-2.1426445602843213e-05,0.005840249098064417,-8.833548558765449e-06
24.824780976220275,0.0020916725733025085,2.0367965952483274e-05,-2.0367965952483274e-05,0.0056771356034122965,-8.493257115906585e-06
25.07503128911139,0.002029670443512267,1.937161855237306e-05,-1.937161855237306e-05,0.005519870655226916,-8.168100231448298e-06
25.3252816020025,0.001970094818843603,1.8433189725614594e-05,-1.8433189725614594e-05,0.0053682044855042615,-7.857317882229658e-06
25.575531914893617,0.001912828147148473,1.7548789240925312e-05,-1.7548789240925312e-05,0.005221899362708638,-7.560193158359557e-06
25.82578222778473,0.0018577596443806223,1.6714822647014555e-05,-1.6714822647014555e-05,0.005080728969063071,-7.276049404253618e-06
26.076032540675843,0.0018047848443018758,1.5927966211707738e-05,-1.5927966211707738e-05,0.0049444778102609764,-7.004247596761801e-06
26.32628285356696,0.001753805182104237,1.5185144198152223e-05,-1.5185144198152223e-05,0.004812940656118598,-6.74418393429126e-06
26.576533166458077,0.0017047276091008137,1.448350824080051e-05,-1.448350824080051e-05,0.0046859220107141625,-6.495287615042878e-06
26.826783479349185,0.001657464235901659,1.3820418609637981e-05,-1.3820418609637981e-05,0.004563235610593536,-6.257018785086325e-06
27.0770337922403,0.0016119320017272025,1.3193427174160347e-05,-1.3193427174160347e-05,0.0044447039496615885,-6.028866639497539e-06
27.32728410513141,0.0015680523677249478,1.2600261899176641e-05,-1.2600261899176641e-05,0.004330157829422081,-5.810347662128627e-06
27.577534418022527,0.0015257510323469657,1.2038812721998069e-05,-1.2038812721998069e-05,0.004219435933275522,-5.601003990881059e-06
27.82778473091364,0.0014849576670188653,1.1507118677127894e-05,-1.1507118677127894e-05,0.004112384423633147,-5.400401897524895e-06
28.07803504380476,0.00144560567048716,1.1003356148085295e-05,-1.1003356148085295e-05,0.004008856560655083,-5.208130371832653e-06
28.32828535669587,0.0014076319403732163,1.0525828138881367e-05,-1.0525828138881367e-05,0.00390871234147116,-5.02379980129558e-06
28.578535669586984,0.0013709766605896618,1.0072954468563464e-05,-1.0072954468563464e-05,0.0038118181587934188,-4.847040738445829e-06
28.82878598247809,0.0013355831033908603,9.64326280229619e-06,-9.64326280229619e-06,0.003718046477879304,-4.677502748818691e-06
29.07903629536921,0.0013013974449337744,9.235380441042207e-06,-9.235380441042207e-06,0.003627275530853889,-4.514853333118156e-06
29.329286608260325,0.0012683685933206701,8.848026799971678e-06,-8.848026799971678e-06,0.0035393890274476444,-4.358776918013295e-06
29.57953692115144,0.0012364480281813232,8.48000651245782e-06,-8.48000651245782e-06,0.0034542758812531904,-4.20897391028801e-06
29.829787234042552,0.0012055896509308313,8.130203102967323e-06,-8.130203102967323e-06,0.0033718299506500325,-4.065159809765028e-06
30.080037546933667,0.0011757496449103654,7.797573177682919e-06,-7.797573177682919e-06,0.0032919497935901708,-3.927064376806525e-06
30.33028785982478,0.0011468863446830793,7.481141086487332e-06,-7.481141086487332e-06,0.0032145384354798183,-3.7944308503766187e-06
30.58053817271589,0.0011189601138164387,7.179994014766318e-06,-7.179994014766318e-06,0.003139503149433065,-3.667015213349628e-06
30.83078848560701,0.0010919332305360883,6.893277467128373e-06,-6.893277467128373e-06,0.003066755248212252,-3.5445855016844655e-06
31.08103879849812,0.0010657697806854738,6.620191108921217e-06,-6.620191108921217e-06,0.002996209887207009,-3.426921154544955e-06
31.33128911138924,0.0010404355574702491,6.359984934678013e-06,-6.359984934678013e-06,0.0029277858778393386,-3.313812402714718e-06
31.58153942428035,0.0010158979675074853,6.111955735327698e-06,-6.111955735327698e-06,0.0028614055108159998,-3.2050596926750056e-06
31.831789737171466,0.0009921259427370882,5.8754438388573436e-06,-5.8754438388573436e-06,0.002796994388681468,-3.1004731441563964e-06
32.082040050062574,0.0009690898577871308,5.6498301011907284e-06,-5.6498301011907284e-06,0.002734481267155375,-2.9998720388815528e-06
32.332290362953685,0.0009467614524161187,5.434533126512731e-06,-5.434533126512731e-06,0.002673797904767199,-2.903084338728163e-06
32.582540675844804,0.0009251137586839763,5.229006697681722e-06,-5.229006697681722e-06,0.002614878920328462,-2.809946231193161e-06
32.83279098873592,0.0009041210325298475,5.032737399649332e-06,-5.032737399649332e-06,0.0025576616578086653,-2.72030170072936e-06
33.08304130162703,0.0008837586894589871,4.845242419856022e-06,-4.845242419856022e-06,0.0025020860582057425,-2.634002124142512e-06
33.333291614518146,0.0008640032440631893,4.6660675113649286e-06,-4.6660675113649286e-06,0.0024480945380251275,-2.550905888737844e-06
33.58354192740926,0.0008448322531196048,4.494785105481615e-06,-4.494785105481615e-06,0.0023956318740034218,-2.4708780317221625e-06
33.83379224030037,0.0008262242620314836,4.3309925619345545e-06,-4.3309925619345545e-06,0.0023446450937333945,-2.3937898996389417e-06
34.08404255319149,0.0008081587543916625,4.174310545672077e-06,-4.174310545672077e-06,0.0022950833718666944,-2.3195188266392726e-06
34.3342928660826,0.0007906161044654459,4.024381520206873e-06,-4.024381520206873e-06,0.0022468979315890328,-2.247947830402484e-06
34.58454317897371,0.0007735775324041357,3.880868348459134e-06,-3.880868348459134e-06,0.0022000419510800518,-2.1789653247570474e-06
34.83479349186483,0.0007570250620139452,3.743452992665412e-06,-3.743452992665412e-06,0.0021544704746865543,-2.1124648479586094e-06
35.08504380475594,0.0007409414809174281,3.611835305670816e-06,-3.611835305670816e-06,0.0021101403285531777,-2.0483448056890365e-06
35.33529411764705,0.0007253103029560032,3.4857319066712146e-06,-3.4857319066712146e-06,0.002067010040469244,-1.986508228005367e-06
35.58554443053817,0.0007101157326927476,3.3648751348632773e-06,-3.3648751348632773e-06,0.0020250397637042285,-1.9268625393285004e-06
35.83579474342928,0.000695342631884377,3.2490120751825542e-06,-3.2490120751825542e-06,0.0019841912046172612,-1.8693193408021553e-06
36.0860450563204,0.0006809764878003638,3.1379036506503836e-06,-3.1379036506503836e-06,0.0019444275538382206,-1.8137942042553794e-06
36.33629536921151,0.0006670033832755022,3.0313237763932697e-06,-3.0313237763932697e-06,0.0019057134208295347,-1.7602064771464393e-06
36.586545682102624,0.0006534099683899318,2.929058570711473e-06,-2.929058570711473e-06,0.0018680147716485548,-1.708479097816665e-06
36.836795994993736,0.0006401834336778041,2.830905619059557e-06,-2.830905619059557e-06,0.0018312988697405757,-1.6585384205387537e-06
37.08704630788485,0.0006273114847723814,2.736673286995629e-06,-2.736673286995629e-06,0.001795534219602155,-1.610314049737382e-06
37.337296620775966,0.0006147823184015075,2.646180078551326e-06,-2.646180078551326e-06,0.0017606905131634357,-1.5637386828811689e-06
37.58754693366708,0.0006025845996530755,2.559254036811346e-06,-2.559254036811346e-06,0.001726738578746616,-1.518747961631796e-06
37.8377972465582,0.0005907074404353966,2.47573218354818e-06,-2.47573218354818e-06,0.0016936503324657853,-1.4752803306647575e-06
38.08804755944931,0.0005791403790622881,2.3954599952402715e-06,-2.3954599952402715e-06,0.001661398731940824,-1.433276903850458e-06
38.33829787234042,0.0005678733608972241,2.3182909128248982e-06,-2.3182909128248982e-06,0.0016299577322051772,-1.3926813373171268e-06
38.58854818523154,0.0005568967199951572,2.244085882841659e-06,-2.244085882841659e-06,0.0015993022436939996,-1.353439709047575e-06
38.83879849812265,0.0005462011616845169,2.1727129277735494e-06,-2.1727129277735494e-06,0.0015694080922054564,-1.3155004046538477e-06
39.08904881101376,0.0005357777460355655,2.10404674350806e-06,-2.10404674350806e-06,0.001540251980733874,-1.2788140089436497e-06
39.33929912390488,0.0005256178721646935,2.0379683221323077e-06,-2.0379683221323077e-06,0.0015118114530790435,-1.2433332030506876e-06
39.58954943679599,0.0005157132633273957,1.974364598222437e-06,-1.974364598222437e-06,0.0014840648591412137,-1.20901266672521e-06
39.8397997496871,0.0005060559527556231,1.9131281171162737e-06,-1.9131281171162737e-06,0.0014569913218162654,-1.1758089855978688e-06
40.09005006257821,0.0004966382701979575,1.8541567236016058e-06,-1.8541567236016058e-06,0.0014305707054102445,-1.14368056307079e-06
40.34030037546933,0.000487452829123608,1.7973532696864333e-06,-1.7973532696864333e-06,0.0014047835854967983,-1.112587536629613e-06
40.590550688360445,0.0004784925145536324,1.7426253401935105e-06,-1.7426253401935105e-06,0.0013796112201452334,-1.0824916983598128e-06
40.84080100125156,0.00046975047148499407,1.6898849949151218e-06,-1.6898849949151218e-06,0.0013550355224507921,-1.053356419364947e-06
41.09105131414268,0.0004612200938751731,1.6390485263236256e-06,-1.6390485263236256e-06,0.0013310390343024446,-1.0251465779711324e-06
41.341301627033786,0.0004528950141569684,1.5900362317421066e-06,-1.5900362317421066e-06,0.0013076049013269729,-9.97828491443906e-07
41.5915519399249,0.00044476909325495614,1.5427721990793334e-06,-1.5427721990793334e-06,0.0012847168489513567,-9.713698510818741e-07
41.84180225281602,0.0004368364110767677,1.4971841052181458e-06,-1.4971841052181458e-06,0.0012623591595286123,-9.457396604797819e-07
42.09205256570713,0.00042909125745392704,1.4532030262403222e-06,-1.4532030262403222e-06,0.0012405166504751155,-9.209081767954212e-07
42.34230287859824,0.00042152812350847743,1.4107632587549901e-06,-1.4107632587549901e-06,0.0012191746533701843,-8.968468548907579e-07
42.59255319148936,0.0004141416934230182,1.3698021515820837e-06,-1.3698021515820837e-06,0.0011983189939713107,-8.735282941578375e-07
42.84280350438047,0.00040692683659306614,1.3302599471758858e-06,-1.3302599471758858e-06,0.0011779359731008711,-8.509261879327733e-07
43.09305381727158,0.00039987860014187516,1.292079632111905e-06,-1.292079632111905e-06,0.001158012348362436,-8.290152753017287e-07
43.3433041301627,0.0003929922017789908,1.255206796165487e-06,-1.255206796165487e-06,0.0011385353166470133,-8.077712952732368e-07
43.59355444305381,0.00038626302298488344,1.2195894993201908e-06,-1.2195894993201908e-06,0.0011194924973915933,-7.871709430688172e-07
43.84380475594492,0.00037968660250500136,1.185178146345565e-06,-1.185178146345565e-06,0.0011008719165543199,-7.671918285558858e-07
44.09405506883604,0.00037325863013753477,1.151925368355795e-06,-1.151925368355795e-06,0.001082661991272447,-7.478124365914658e-07
44.34430538172715,0.0003669749408000541,1.1197859110246263e-06,-1.1197859110246263e-06,0.0010648515151709776,-7.290120892839089e-07
44.594555694618265,0.0003608315088610172,1.0887165289644633e-06,-1.0887165289644633e-06,0.0010474296442915202,-7.107709099889955e-07
44.84480600750938,0.00035482444272291925,1.0586758859670742e-06,-1.0586758859670742e-06,0.0010303858836124545,-6.930697890247223e-07
45.095056320400495,0.0003489499796445869,1.029624460689813e-06,-1.029624460689813e-06,0.0010137100741329547,-6.758903509556057e-07
45.34530663329161,0.00034320448079080187,1.001524457511395e-06,-1.001524457511395e-06,0.0009973923804948125,-6.592149234189711e-07
45.595556946182725,0.00033758442649809014,9.743397222211228e-07,-9.743397222211228e-07,0.0009814232791173143,-6.430265073884293e-07
45.84580725907384,0.00033208641174611403,9.480356622496386e-07,-9.480356622496386e-07,0.0009657935468216633,-6.273087487980798e-07
46.09605757196495,0.0003267071418246743,9.225791711934037e-07,-9.225791711934037e-07,0.0009504942499226018,-6.120459114804028e-07
46.34630788485607,0.0003214434281868709,8.979385573791935e-07,-8.979385573791935e-07,0.0009355167337660248,-5.972228513512582e-07
46.59655819774718,0.00031629218447947176,8.740834762011679e-07,-8.740834762011679e-07,0.0009208526126924042,-5.828249917490584e-07
46.84680851063829,0.0003112504227420139,8.509848660485678e-07,-8.509848660485678e-07,0.0009064937604068369,-5.68838299908942e-07
47.09705882352941,0.0003063152497666137,8.286148876129613e-07,-8.286148876129613e-07,0.0008924323007374972,-5.552492645127611e-07
47.34730913642052,0.00030148386361088085,8.069468663348608e-07,-8.069468663348608e-07,0.0008786605987651368,-5.420448742164974e-07
47.59755944931163,0.00029675355025672833,7.85955237885963e-07,-7.85955237885963e-07,0.0008651712523071378,-5.292125971837602e-07
47.84780976220275,0.0002921216804082492,7.656154964445046e-07,-7.656154964445046e-07,0.0008519570837404233,-5.167403615065406e-07
48.09806007509386,0.0002875857064221815,7.459041456385929e-07,-7.459041456385929e-07,0.0008390111321482845,-5.046165365036542e-07
48.348310387984974,0.0002831431593648149,7.267986520192367e-07,-7.267986520192367e-07,0.0008263266457769025,-4.928299148666343e-07
48.59856070087609,0.00027879164618951273,7.082774008791087e-07,-7.082774008791087e-07,0.0008138970747880334,-4.813696955701239e-07
48.8488110137672,0.0002745288470293155,6.903196543307794e-07,-6.903196543307794e-07,0.0008017160642949643,-4.7022546755500226e-07
49.09906132665832,0.00027035251259937133,6.729055114976377e-07,-6.729055114976377e-07,0.0007897774476694572,-4.593871941258814e-07
49.34931163954944,0.0002662604617042127,6.560158706877868e-07,-6.560158706877868e-07,0.0007780752401079928,-4.4884519801601644e-07
49.59956195244055,0.0002622505788451351,6.396323934818145e-07,-6.396323934818145e-07,0.0007666036324461693,-4.385901471280235e-07
49.84981226533166,0.0002583208119231832,6.237374705832018e-07,-6.237374705832018e-07,0.0007553569852106305,-4.2861304087174385e-07
50.100062578222776,0.0002544691700334659,6.083141893685917e-07,-6.083141893685917e-07,0.0007443298228984103,-4.1890519710447657e-07
50.35031289111389,0.0002506937213467364,5.933463030340789e-07,-5.933463030340789e-07,0.0007335168284740369,-4.094582396334669e-07
50.600563204005,0.00024699259107436976,5.78818201255837e-07,-5.78818201255837e-07,0.0007229128380751962,-4.00264086258718e-07
50.85081351689612,0.0002433639595130662,5.647148822610425e-07,-5.647148822610425e-07,0.0007125128359181778,-3.913149373081111e-07
51.10106382978723,0.00023980606016578058,5.510219262862309e-07,-5.510219262862309e-07,0.0007023119493947349,-3.826032646945304e-07
51.35131414267834,0.00023631717793555208,5.377254702861033e-07,-5.377254702861033e-07,0.0006923054443523673,-3.741218014073334e-07
51.60156445556946,0.0002328956473890683,5.248121838717644e-07,-5.248121838717644e-07,0.0006824887205504041,-3.6586353146344107e-07
51.85181476846057,0.0002295398510869488,5.122692464001953e-07,-5.122692464001953e-07,0.0006728573072846164,-3.5782168028331914e-07
52.10206508135168,0.0002262482179778775,5.000843251434904e-07,-5.000843251434904e-07,0.0006634068591734066,-3.4998970546120644e-07
52.3523153942428,0.000223019221853851,4.882455545061748e-07,-4.882455545061748e-07,0.0006541331520989505,-3.423612879362601e-07
52.60256570713391,0.0002198513798639389,4.767415162038642e-07,-4.767415162038642e-07,0.0006450320792969549,-3.34930323513923e-07
52.852816020025024,0.00021674325108407262,4.6556122039191667e-07,-4.6556122039191667e-07,0.0006360996475889806,-3.2769091476004814e-07
53.10306633291614,0.00021369343514049996,4.546940876548744e-07,-4.546940876548744e-07,0.0006273319737515533,-3.20637363210435e-07
53.35331664580725,0.00021070057088464953,4.4412993185261294e-07,-4.4412993185261294e-07,0.0006187252810165419,-3.1376416192166235e-07
53.603566958698366,0.00020776333511725417,4.338589437380917e-07,-4.338589437380917e-07,0.0006102758956975206,-3.070659883063053e-07
53.853817271589485,0.00020488044135968543,4.238716753532377e-07,-4.238716753532377e-07,0.0006019802439370753,-3.005376972855986e-07
54.1040675844806,0.00020205063867053996,4.1415902511649515e-07,-4.1415902511649515e-07,0.0005938348485702303,-2.9417431469805676e-07
54.35431789737171,0.0001992727105056135,4.047122236107862e-07,-4.047122236107862e-07,0.0005858363260993794,-2.879710309963124e-07
54.604568210262826,0.00019654547361947958,3.95522820003708e-07,-3.95522820003708e-07,0.0005779813837763152,-2.819231951861499e-07
54.85481852315394,0.00019386777700697495,3.8658266908304126e-07,-3.8658266908304126e-07,0.0005702668167871332,-2.760263090116759e-07
55.10506883604505,0.0001912385008829644,3.7788391888668184e-07,-3.7788391888668184e-07,0.000562689505535978,-2.702760213854049e-07
55.35531914893617,0.00018865655569883815,3.694189988688934e-07,-3.694189988688934e-07,0.000555246413023764,-2.6466812302369556e-07
55.60556946182728,0.00018612088119425863,3.6118060861284723e-07,-3.6118060861284723e-07,0.0005479345823181765,-2.591985413149802e-07
55.85581977471839,0.0001836304454827421,3.5316170702789535e-07,-3.5316170702789535e-07,0.0005407511341114132,-2.538633353757185e-07
56.10607008760951,0.0001811842441697232,3.4535550203779086e-07,-3.4535550203779086e-07,0.0005336932643622781,-2.4865869131583923e-07
56.35632040050062,0.0001787812995018105,3.3775544071315135e-07,-3.3775544071315135e-07,0.0005267582420193842,-2.4358091768163664e-07
56.60657071339173,0.00017642065954599586,3.303551998431637e-07,-3.303551998431637e-07,0.0005199434068223539,-2.38626441084972e-07
56.85682102628285,0.0001741013973976383,3.2314867691225236e-07,-3.2314867691225236e-07,0.0005132461671780451,-2.3379180199757283e-07
57.10707133917396,0.00017182261041609164,3.1612998147645354e-07,-3.1612998147645354e-07,0.0005066639981089507,-2.290736507175199e-07
57.35732165206508,0.00016958341948689436,3.0929342690259553e-07,-3.0929342690259553e-07,0.0005001944392710347,-2.2446874348268373e-07
57.607571964956186,0.00016738296830948966,3.026335224751691e-07,-3.026335224751691e-07,0.0004938350930383915,-2.1997393874701013e-07
57.857822277847305,0.00016522042270948367,2.961449658291123e-07,-2.961449658291123e-07,0.000487583622652214,-2.1558619358829212e-07
58.108072590738416,0.00016309496997449785,2.8982263572116185e-07,-2.8982263572116185e-07,0.00048143775043166915,-2.1130256026991897e-07
58.35832290362953,0.0001610058182127059,2.8366158508617583e-07,-2.8366158508617583e-07,0.0004753952560443658,-2.0712018291231387e-07
58.60857321652065,0.00015895219573318917,2.776570344147384e-07,-2.776570344147384e-07,0.0004694539748342097,-2.0303629431916744e-07
58.85882352941176,0.00015693335044727886,2.718043653858522e-07,-2.718043653858522e-07,0.0004636117962045192,-1.9904821290059595e-07
59.10907384230287,0.00015494854929008783,2.66099114780173e-07,-2.66099114780173e-07,0.0004578666620543657,-1.951533397265541e-07
59.35932415519399,0.00015299707766147037,2.605369686481443e-07,-2.605369686481443e-07,0.00045221656526618626,-1.9134915569231024e-07
59.6095744680851,0.00015107823888567867,2.551137567099433e-07,-2.551137567099433e-07,0.00044665954824279423,-1.8763321877994912e-07
59.85982478097621,0.00014919135368901461,2.4982544700054613e-07,-2.4982544700054613e-07,0.00044119370149198596,-1.840031614358897e-07
60.11007509386733,0.0001473357596948066,2.446681407282244e-07,-2.446681407282244e-07,0.00043581716225701985,-1.8045668803905157e-07
60.36032540675844,0.0001455108109350673,2.3963806734749444e-07,-2.3963806734749444e-07,0.0004305281131913083,-1.7699157246668274e-07
60.61057571964955,0.00014371587737821418,2.3473157983069468e-07,-2.3473157983069468e-07,0.00042532478107572887,-1.7360565574769943e-07
60.86082603254067,0.00014195034447226235,2.2994515013597542e-07,-2.2994515013597542e-07,0.0004202054355770285,-1.7029684380669916e-07
61.11107634543178,0.00014021361270292066,2.2527536485757658e-07,-2.2527536485757658e-07,0.0004151683880458504,-1.6706310528961984e-07
61.361326658322895,0.00013850509716604634,2.207189210537409e-07,-2.207189210537409e-07,0.0004102119903529719,-1.6390246947122525e-07
61.611576971214014,0.0001368242271539363,2.162726222377024e-07,-2.162726222377024e-07,0.00040533463376240104,-1.6081302423443805e-07
61.861827284105125,0.00013517044575495256,2.1193337453779686e-07,-2.1193337453779686e-07,0.0004005347478400261,-1.5779291413191301e-07
62.11207759699624,0.00013354320946600026,2.0769818300062361e-07,-2.0769818300062361e-07,0.00039581079939656654,-1.548403385079029e-07
62.36232790988736,0.00013194198781739635,2.035641480545813e-07,-2.035641480545813e-07,0.00039116129146362565,-1.5195354970165059e-07
62.61257822277847,0.00013036626300968538,1.9952846209877573e-07,-1.9952846209877573e-07,0.00038658476230168183,-1.4913085130101796e-07
62.86282853566958,0.0001288155295619742,1.9558840623899856e-07,-1.9558840623899856e-07,0.0003820797844389135,-1.4637059647157498e-07
63.1130788485607,0.00012728929397137892,1.9174134714530785e-07,-1.9174134714530785e-07,0.0003776449637397812,-1.4367118633902412e-07
63.36332916145181,0.0001257870743831886,1.879847340337133e-07,-1.879847340337133e-07,0.0003732789385023438,-1.410310684306413e-07
63.61357947434292,0.0001243084002713682,1.8431609576942188e-07,-1.8431609576942188e-07,0.0003689803785833153,-1.3844873517620616e-07
63.86382978723404,0.00012285281212903813,1.8073303807712205e-07,-1.8073303807712205e-07,0.00036474798454991166,-1.3592272245676645e-07
64.11408010012515,0.00012141986116858117,1.7723324086145657e-07,-1.7723324086145657e-07,0.00036058048685757454,-1.3345160820711046e-07
64.36433041301626,0.0001200091090310403,1.7381445563551588e-07,-1.7381445563551588e-07,0.0003564766450526839,-1.3103401107236887e-07
64.61458072590737,0.00011862012750448618,1.704745030396216e-07,-1.704745030396216e-07,0.0003524352469994179,-1.2866858910347557e-07
64.86483103879848,0.00011725249825104315,1.6721127046182936e-07,-1.6721127046182936e-07,0.0003484551081299398,-1.2635403850525653e-07
65.11508135168961,0.00011590581254227558,1.6402270974621563e-07,-1.6402270974621563e-07,0.00034453507071712625,-1.2408909242543673e-07
65.36533166458072,0.00011457967100264809,1.6090683498868045e-07,-1.6090683498868045e-07,0.00034067400316908144,-1.2187251978641201e-07
65.61558197747183,0.00011327368336078237,1.578617204183605e-07,-1.578617204183605e-07,0.00033687079934470525,-1.1970312415989472e-07
65.86583229036295,0.00011198746820824672,1.5488549835347384e-07,-1.5488549835347384e-07,0.0003331243778896171,-1.1757974267516839e-07
66.11608260325406,0.00011072065276562116,1.5197635724001746e-07,-1.5197635724001746e-07,0.00032943368159175636,-1.1550124497119639e-07
66.36633291614517,0.000109472872655593,1.4913253976109707e-07,-1.4913253976109707e-07,0.00032579767675600915,-1.1346653218209844e-07
66.6165832290363,0.00010824377168284564,1.463523410162415e-07,-1.463523410162415e-07,0.00032221535259723384,-1.1147453595699891e-07
66.8668335419274,0.00010703300162051327,1.4363410676924262e-07,-1.4363410676924262e-07,0.00031868572065108056,-1.0952421751436108e-07
67.11708385481852,0.00010584022200298075,1.4097623176009023e-07,-1.4097623176009023e-07,0.00031520781420202017,-1.076145667278741e-07
67.36733416770963,0.00010466509992481875,1.383771580811055e-07,-1.383771580811055e-07,0.00031178068772802367,-1.057446012454232e-07
67.61758448060074,0.00010350730984564957,1.3583537361063728e-07,-1.3583537361063728e-07,0.00030840341636134884,-1.0391336563586627e-07
67.86783479349185,0.00010236653340074802,1.3334941050424913e-07,-1.3334941050424913e-07,0.0003050750953649113,-1.0211993056484055e-07
68.11808510638298,0.00010124245921718814,1.3091784374134332e-07,-1.3091784374134332e-07,0.0003017948396237379,-1.0036339199877919e-07
68.36833541927409,0.00010013478273535411,1.285392897268179e-07,-1.285392897268179e-07,0.00029856178315101727,-9.864287043791088e-08
68.6185857321652,9.904320603563931e-05,1.2621240493776368e-07,-1.2621240493776368e-07,0.00029537507860827555,-9.695751016937109e-08
68.86883604505631,9.79674376701652e-05,1.2393588462666365e-07,-1.2393588462666365e-07,0.0002922338968392314,-9.530647855295676e-08
69.11908635794742,9.690719249935666e-05,1.2170846156188727e-07,-1.2170846156188727e-07,0.0002891374264168901,-9.368896532133713e-08
69.36933667083854,9.586219153321657e-05,1.1952890482429295e-07,-1.1952890482429295e-07,0.0002860848732034574,-9.210418191450714e-08
69.61958698372966,9.48321617771484e-05,1.1739601863592337e-07,-1.1739601863592337e-07,0.00028307545992266845,-9.055136082539619e-08
69.86983729662077,9.381683608218089e-05,1.1530864123695397e-07,-1.1530864123695397e-07,0.000280108425744139,-8.902975497367835e-08
70.12008760951188,9.281595299945302e-05,1.1326564380308548e-07,-1.1326564380308548e-07,0.00027718302587936123,-8.753863710082051e-08
70.370337922403,9.18292566388248e-05,1.1126592939497192e-07,-1.1126592939497192e-07,0.0002742985311889803,-8.607729917876635e-08
70.62058823529411,9.085649653148165e-05,1.093084319520174e-07,-1.093084319520174e-07,0.00027145422780099835,-8.464505184535997e-08
70.87083854818522,8.989742749640631e-05,1.0739211531468353e-07,-1.0739211531468353e-07,0.00026864941673956656,-8.32412238513865e-08
71.12108886107634,8.895180951059626e-05,1.0551597228737125e-07,-1.0551597228737125e-07,0.0002658834135640356,-8.186516153199606e-08
71.37133917396746,8.801940758290896e-05,1.0367902372920406e-07,-1.0367902372920406e-07,0.00026315554801795106,-8.051622829050825e-08
71.62158948685857,8.709999163142071e-05,1.0188031767743517e-07,-1.0188031767743517e-07,0.00026046516368768134,-7.91938040999615e-08
71.87183979974968,8.619333636419014e-05,1.0011892850351058e-07,-1.0011892850351058e-07,0.00025781161767038857,-7.78972850230508e-08
72.12209011264079,8.529922116331996e-05,9.839395609354891e-08,-9.839395609354891e-08,0.0002551942802510525,-7.662608274280014e-08
72.3723404255319,8.441742997221455e-05,9.670452506363969e-08,-9.670452506363969e-08,0.0002526125345882729,-7.537962411493054e-08
72.62259073842303,8.354775118593503e-05,9.504978399461407e-08,-9.504978399461407e-08,0.00025006577640858293,-7.415735072711212e-08
72.87284105131414,8.26899775445563e-05,9.342890469734825e-08,-9.342890469734825e-08,0.00024755341370901655,-7.295871847667143e-08
73.12309136420525,8.18439060294332e-05,9.184108150473755e-08,-9.184108150473755e-08,0.00024507486646767877,-7.178319716338096e-08
73.37334167709636,8.100933776228816e-05,9.028553058082498e-08,-9.028553058082498e-08,0.00024262956636207983,-7.063027008828175e-08
73.62359198998747,8.018607790703307e-05,8.876148926112585e-08,-8.876148926112585e-08,0.00024021695649499938,-6.949943367302746e-08
73.87384230287859,7.937393557424296e-05,8.726821540873683e-08,-8.726821540873683e-08,0.00023783649112765558,-6.839019708476629e-08
74.12409261576971,7.857272372820083e-05,8.580498679692794e-08,-8.580498679692794e-08,0.00023548763541996032,-6.730208187766812e-08
74.37434292866082,7.778225909643659e-05,8.437110051030898e-08,-8.437110051030898e-08,0.00023316986517765275,-6.62346216435796e-08
74.62459324155193,7.70023620816842e-05,8.296587236229182e-08,-8.296587236229182e-08,0.00023088266660610348,-6.518736166990387e-08
74.87484355444305,7.623285667618534e-05,8.158863634106939e-08,-8.158863634106939e-08,0.00022862553607059548,-6.415985861728364e-08
75.12509386733416,7.547357037826917e-05,8.023874406377746e-08,-8.023874406377746e-08,0.00022639797986289068,-6.315168019709762e-08
75.37534418022527,7.472433411114026e-05,7.891556425513688e-08,-7.891556425513688e-08,0.00022419951397389547,-6.216240486539626e-08
75.6255944931164,7.398498214380932e-05,7.761848224222634e-08,-7.761848224222634e-08,0.00022202966387225028,-6.119162152524193e-08
75.8758448060075,7.325535201410355e-05,7.634689946187729e-08,-7.634689946187729e-08,0.00021988796428866768,-6.023892923424631e-08
76.12609511889862,7.253528445369452e-05,7.510023299093758e-08,-7.510023299093758e-08,0.000217773959005853,-5.930393692784082e-08
76.37634543178973,7.182462331508529e-05,7.387791508461637e-08,-7.387791508461637e-08,0.0002156872006538455,-5.83862631437687e-08
76.62659574468084,7.112321550049861e-05,7.267939273628625e-08,-7.267939273628625e-08,0.00021362725051062467,-5.748553576144009e-08
76.87684605757195,7.043091089261104e-05,7.150412724685203e-08,-7.150412724685203e-08,0.00021159367830782765,-5.660139174451362e-08
77.12709637046308,6.97475622870792e-05,7.035159380801709e-08,-7.035159380801709e-08,0.00020958606204143373,-5.573347689127854e-08
77.37734668335419,6.907302532680608e-05,6.92212811050454e-08,-6.92212811050454e-08,0.0002076039877872721,-5.488144559866921e-08
77.6275969962453,6.840715843789704e-05,6.81126909244481e-08,-6.81126909244481e-08,0.00020564704952121524,-5.404496062556427e-08
77.87784730913641,6.774982276725715e-05,6.70253377762773e-08,-6.70253377762773e-08,0.00020371484894392617,-5.322369286526775e-08
78.12809762202752,6.710088212178216e-05,6.595874853453523e-08,-6.595874853453523e-08,0.00020180699531002907,-5.2417321130885925e-08
78.37834793491864,6.646020290909794e-05,6.491246207955134e-08,-6.491246207955134e-08,0.0001999231052615783,-5.1625531937649896e-08
78.62859824780976,6.582765407980385e-05,6.388602895770864e-08,-6.388602895770864e-08,0.00019806280266570608,-5.084801929775409e-08
78.87884856070087,6.520310707117748e-05,6.287901105213431e-08,-6.287901105213431e-08,0.0001962257184563296,-5.008448452150753e-08
79.12909887359199,6.458643575229897e-05,6.189098125952056e-08,-6.189098125952056e-08,0.0001944114904798051,-4.933463602013795e-08
79.3793491864831,6.39775163705552e-05,6.092152318086374e-08,-6.092152318086374e-08,0.00019261976334441854,-4.859818911820373e-08
79.62959949937421,6.337622749948455e-05,5.997023082031042e-08,-5.997023082031042e-08,0.00019085018827360586,-4.787486586996292e-08
79.87984981226532,6.278244998792475e-05,5.9036708294689414e-08,-5.9036708294689414e-08,0.0001891024229627991,-4.7164394882432087e-08
80.13010012515643,6.219606691042731e-05,5.8120569548615775e-08,-5.8120569548615775e-08,0.00018737613143979934,-4.646651114016899e-08
80.38035043804756,6.161696351890298e-05,5.722143808388114e-08,-5.722143808388114e-08,0.00018567098392857672,-4.57809558406352e-08
80.63060075093867,6.104502719546437e-05,5.633894669175998e-08,-5.633894669175998e-08,0.0001839866567164065,-4.5107476228904375e-08
80.88085106382978,6.048014740643178e-05,5.547273719693984e-08,-5.547273719693984e-08,0.00018232283202424638,-4.444582544055532e-08
81.13110137672089,5.9922215657470885e-05,5.462246020814347e-08,-5.462246020814347e-08,0.00018067919788026948,-4.37957623479431e-08
81.381351689612,5.9371125449830446e-05,5.3787774876498245e-08,-5.3787774876498245e-08,0.00017905544799646473,-4.3157051411024545e-08
81.63160200250312,5.8826772237650015e-05,5.296834866152116e-08,-5.296834866152116e-08,0.00017745128164822231,-4.25294625327221e-08
81.88185231539424,5.828905338630827e-05,5.2163857103290136e-08,-5.2163857103290136e-08,0.00017586640355682354,-4.191277091750842e-08
82.13210262828535,5.775786813178364e-05,5.1373983603229256e-08,-5.1373983603229256e-08,0.00017430052377475608,-4.130675693574607e-08
82.38235294117646,5.723311754099925e-05,5.059841920965612e-08,-5.059841920965612e-08,0.00017275335757377825,-4.0711205990033796e-08
82.63260325406758,5.6714704473126e-05,4.98368624107545e-08,-4.98368624107545e-08,0.00017122462533565976,-4.012590838632083e-08
82.88285356695869,5.6202533541817337e-05,4.9089018933842584e-08,-4.9089018933842584e-08,0.0001697140524455258,-3.9550659208755176e-08
83.1331038798498,5.569651107835082e-05,4.8354601550906656e-08,-4.8354601550906656e-08,0.00016822136918773605,-3.898525819832657e-08
83.38335419274092,5.519654509565196e-05,4.7633329887696176e-08,-4.7633329887696176e-08,0.00016674631064423015,-3.8429509632688335e-08
83.63360450563204,5.470254525317673e-05,4.6924930242687806e-08,-4.6924930242687806e-08,0.00016528861659527563,-3.7883222213549765e-08
83.88385481852315,5.421442282262953e-05,4.622913540701319e-08,-4.622913540701319e-08,0.0001638480314225527,-3.7346208952815434e-08
84.13410513141426,5.373209065449467e-05,4.5545684492751115e-08,-4.5545684492751115e-08,0.00016242430401451608,-3.681828706494993e-08
84.38435544430537,5.3255463145359416e-05,4.48743227645218e-08,-4.48743227645218e-08,0.00016101718767397286,-3.629927786058112e-08
84.63460575719648,5.278445620600775e-05,4.4214801477791045e-08,-4.4214801477791045e-08,0.0001596264400278188,-3.5789006644821724e-08
84.88485607008761,5.2318987230264385e-05,4.3566877719253097e-08,-4.3566877719253097e-08,0.00015825182293887594,-3.528730261574799e-08
85.13510638297872,5.185897506456936e-05,4.293031425536112e-08,-4.293031425536112e-08,0.00015689310241977797,-3.4793998769170926e-08
85.38535669586983,5.140433997826375e-05,4.2304879381307503e-08,-4.2304879381307503e-08,0.000155550048548848,-3.4308931802067086e-08
85.63560700876094,5.095500363456815e-05,4.1690346778400656e-08,-4.1690346778400656e-08,0.00015422243538791943,-3.383194202267727e-08
85.88585732165205,5.0510889062235645e-05,4.108649537267042e-08,-4.108649537267042e-08,0.00015291004090204805,-3.336287326016516e-08
86.13610763454317,5.0071920627861714e-05,4.0493109198052154e-08,-4.0493109198052154e-08,0.00015161264688106683,-3.290157277724335e-08
86.38635794743429,4.963802400883391e-05,3.9909977265378136e-08,-3.9909977265378136e-08,0.0001503300388629367,-3.244789118705075e-08
86.6366082603254,4.920912616690502e-05,3.933689343253806e-08,-3.933689343253806e-08,0.00014906200605884672,-3.2001682369696313e-08
86.88685857321651,4.8785155322373074e-05,3.877365627961449e-08,-3.877365627961449e-08,0.0001478083412800182,-3.156280339232648e-08
87.13710888610763,4.8366040928853145e-05,3.8220068988701176e-08,-3.8220068988701176e-08,0.00014656884086617115,-3.1131114432473376e-08
87.38735919899874,4.7951713648625324e-05,3.767593922465078e-08,-3.767593922465078e-08,0.000145343304615609,-3.070647870097818e-08
87.63760951188985,4.754210532854428e-05,3.714107902057415e-08,-3.714107902057415e-08,0.0001441315357168815,-3.028876236835733e-08
87.88785982478097,4.713714897649594e-05,3.661530466818917e-08,-3.661530466818917e-08,0.00014293334068198537,-2.987783449475418e-08
88.13811013767209,4.673677873838762e-05,3.609843660686362e-08,-3.609843660686362e-08,0.00014174852928106456,-2.947356695736265e-08
88.3883604505632,4.634092987565751e-05,3.559029932177083e-08,-3.559029932177083e-08,0.00014057691447857154,-2.9075834385783044e-08
88.63861076345431,4.594953874329108e-05,3.509072123832846e-08,-3.509072123832846e-08,0.00013941831237085375,-2.868451409251966e-08
88.88886107634542,4.556254276833091e-05,3.4599534625509435e-08,-3.4599534625509435e-08,0.00013827254212512896,-2.829948601124741e-08
89.13911138923653,4.5179880428868024e-05,3.4116575498453995e-08,-3.4116575498453995e-08,0.00013713942591981563,-2.7920632633313122e-08
89.38936170212766,4.480149123350228e-05,3.3641683523516276e-08,-3.3641683523516276e-08,0.00013601878888618333,-2.7547838945640335e-08
89.63961201501877,4.442731570126036e-05,3.3174701928870556e-08,-3.3174701928870556e-08,0.00013491045905129212,-2.718099237319684e-08
89.88986232790988,4.4057295341959556e-05,3.271547741499208e-08,-3.271547741499208e-08,0.0001338142672821874,-2.6819982720372834e-08
90.140112640801,4.36913726370067e-05,3.226386006690495e-08,-3.226386006690495e-08,0.0001327300472313201,-2.646470211319384e-08
90.3903629536921,4.3329491020621e-05,3.181970327382079e-08,-3.181970327382079e-08,0.0001316576352831622,-2.611504494802282e-08
90.64061326658322,4.297159486147061e-05,3.138286364304503e-08,-3.138286364304503e-08,0.00013059687050198757,-2.5770907833657678e-08
90.89086357947434,4.261762944471241e-05,3.09532009249692e-08,-3.09532009249692e-08,0.00012954759458079021,-2.543218954367125e-08
91.14111389236544,4.2267540954425474e-05,3.053057793271899e-08,-3.053057793271899e-08,0.00012850965179131185,-2.5098790962590758e-08
91.39136420525656,4.192127645642785e-05,3.0114860467959045e-08,-3.0114860467959045e-08,0.00012748288893515175,-2.477061503744446e-08
91.64161451814768,4.157878388146826e-05,2.9705917249349418e-08,-2.9705917249349418e-08,0.00012646715529593275,-2.4447566731195748e-08
91.8918648310388,4.124001200878248e-05,2.9303619838657082e-08,-2.9303619838657082e-08,0.00012546230259249814,-2.4129552973092958e-08
92.1421151439299,4.090491045000643e-05,2.8907842574667666e-08,-2.8907842574667666e-08,0.00012446818493311348,-2.381648261610382e-08
92.39236545682104,4.0573429633436486e-05,2.8518462502714315e-08,-2.8518462502714315e-08,0.0001234846587706504,-2.3508266389274416e-08
92.64261576971214,4.024552078862957e-05,2.8135359312451448e-08,-2.8135359312451448e-08,0.00012251158285872809,-2.320481685766259e-08
92.89286608260323,3.992113593133357e-05,2.7758415271024132e-08,-2.7758415271024132e-08,0.00012154881820878952,-2.2906048377018093e-08
93.14311639549436,3.960022784874126e-05,2.738751516402775e-08,-2.738751516402775e-08,0.0001205962280480904,-2.261187705562461e-08
93.39336670838549,3.928275008505944e-05,2.702254623226539e-08,-2.702254623226539e-08,0.00011965367777857861,-2.2322220711331258e-08
93.64361702127658,3.896865692738558e-05,2.666339811552338e-08,-2.666339811552338e-08,0.0001187210349366437,-2.2036998835013153e-08
93.89386733416772,3.865790339188477e-05,2.6309962792901656e-08,-2.6309962792901656e-08,0.00011779816915371497,-2.1756132550016442e-08
94.14411764705882,3.8350445210260236e-05,2.5962134529815645e-08,-2.5962134529815645e-08,0.00011688495211768866,-2.1479544577722334e-08
94.39436795994992,3.804623881650946e-05,2.5619809821452174e-08,-2.5619809821452174e-08,0.00011598125753516428,-2.1207159199030227e-08
94.64461827284104,3.774524133396014e-05,2.5282887340626126e-08,-2.5282887340626126e-08,0.00011508696109447156,-2.0938902219723217e-08
94.89486858573215,3.7447410562578864e-05,2.4951267887745283e-08,-2.4951267887745283e-08,0.00011420194042946889,-2.0674700937439786e-08
95.14511889862328,3.7152704966545906e-05,2.4624854338507976e-08,-2.4624854338507976e-08,0.00011332607508409554,-2.0414484105891945e-08
95.3953692115144,3.686108366209036e-05,2.430355159674298e-08,-2.430355159674298e-08,0.0001124592464776599,-2.015818190375432e-08
95.6456195244055,3.6572506405579107e-05,2.39872665460424e-08,-2.39872665460424e-08,0.00011160133787084716,-1.9905725901889644e-08
95.89586983729662,3.6286933581853674e-05,2.367590800454315e-08,-2.367590800454315e-08,0.00011075223433242819,-1.9657049033280435e-08
96.14612015018773,3.600432619280966e-05,2.3369386678264385e-08,-2.3369386678264385e-08,0.00010991182270665563,-1.9412085561087693e-08
96.39637046307884,3.5724645846212386e-05,2.3067615118739075e-08,-2.3067615118739075e-08,0.0001090799915813292,-1.9170771050588262e-08
96.64662077596996,3.544785474474381e-05,2.2770507679431164e-08,-2.2770507679431164e-08,0.00010825663125651614,-1.8933042339494887e-08
96.89687108886106,3.5173915675275164e-05,2.247798047404258e-08,-2.247798047404258e-08,0.00010744163371391122,-1.8698837509775664e-08
97.1471214017522,3.490279199835986e-05,2.2189951336704834e-08,-2.2189951336704834e-08,0.00010663489258682154,-1.8468095860979557e-08
97.3973717146433,3.46344476379423e-05,2.1906339780938258e-08,-2.1906339780938258e-08,0.0001058363031307622,-1.8240757881962485e-08
97.6476220275344,3.4368847071276505e-05,2.1627066963067624e-08,-2.1627066963067624e-08,0.00010504576219464866,-1.8016765226714066e-08
97.89787234042552,3.4105955319050896e-05,2.1352055642091227e-08,-2.1352055642091227e-08,0.00010426316819257203,-1.7796060686292678e-08
98.14812265331663,3.38457379357138e-05,2.1081230146326814e-08,-2.1081230146326814e-08,0.00010348842107614458,-1.7578588167202824e-08
98.39837296620776,3.358816099999522e-05,2.0814516334322097e-08,-2.0814516334322097e-08,0.000102721422307402,-1.7364292663712577e-08
98.64862327909889,3.333319110562061e-05,2.0551841562199408e-08,-2.0551841562199408e-08,0.00010196207483225037,-1.715312023629042e-08
98.89887359198998,3.308079535221205e-05,2.0293134649956883e-08,-2.0293134649956883e-08,0.00010121028305444492,-1.6945017988693337e-08
99.1491239048811,3.2830941336372704e-05,2.0038325846172334e-08,-2.0038325846172334e-08,0.00010046595281008904,-1.6739934043161512e-08
99.3993742177722,3.258359714295045e-05,1.9787346798401105e-08,-1.9787346798401105e-08,9.972899134264216e-05,-1.6537817521019657e-08
99.64962453066332,3.2338731336476534e-05,1.954013051995906e-08,-1.954013051995906e-08,9.899930727842444e-05,-1.6338618519384806e-08
99.89987484355444,3.2096312952775327e-05,1.9296611360065433e-08,-1.9296611360065433e-08,9.827681060260746e-05,-1.6142288090963516e-08
100.15012515644555,3.185631149074151e-05,1.9056724973925608e-08,-1.9056724973925608e-08,9.756141263568034e-05,-1.594877822352661e-08
100.40037546933668,3.161869690428066e-05,1.8820408292634174e-08,-1.8820408292634174e-08,9.685302601038066e-05,-1.5758041818949538e-08
100.65062578222778,3.138343959440985e-05,1.858759949687454e-08,-1.858759949687454e-08,9.61515646490793e-05,-1.5570032675802167e-08
100.90087609511887,3.115051040151455e-05,1.8358237986651447e-08,-1.8358237986651447e-08,9.545694374161001e-05,-1.5384705467731637e-08
101.15112640801,3.091988059775838e-05,1.8132264356016247e-08,-1.8132264356016247e-08,9.476907972353352e-05,-1.5202015726605146e-08
101.40137672090113,3.0691521879642496e-05,1.7909620365658724e-08,-1.7909620365658724e-08,9.408789025482633e-05,-1.502191982329332e-08
101.65162703379224,3.0465406360710916e-05,1.7690248918592244e-08,-1.7690248918592244e-08,9.34132941989857e-05,-1.4844374951327506e-08
101.90187734668336,3.0241506564398973e-05,1.747409403293271e-08,-1.747409403293271e-08,9.274521160254066e-05,-1.4669339107437903e-08
102.15212765957446,3.0019795417021594e-05,1.7261100819436564e-08,-1.7261100819436564e-08,9.208356367496108e-05,-1.4496771076643952e-08
102.40237797246556,2.9800246240898178e-05,1.7051215456151307e-08,-1.7051215456151307e-08,9.142827276895572e-05,-1.4326630414256421e-08
102.65262828535668,2.9582832747611366e-05,1.6844385166106095e-08,-1.6844385166106095e-08,9.077926236115057e-05,-1.4158877430724646e-08
102.9028785982478,2.9367529031396674e-05,1.664055819409396e-08,-1.664055819409396e-08,9.013645703314026e-05,-1.3993473175385976e-08
103.15312891113892,2.915430956265993e-05,1.6439683784003014e-08,-1.6439683784003014e-08,8.949978245290271e-05,-1.383037942058037e-08
103.40337922403003,2.8943149181620095e-05,1.6241712158591463e-08,-1.6241712158591463e-08,8.886916535657143e-05,-1.366955864803015e-08
103.65362953692114,2.8734023092074466e-05,1.604659449637783e-08,-1.604659449637783e-08,8.824453353055531e-05,-1.3510974032161513e-08
103.90387984981226,2.8526906855283762e-05,1.5854282912941542e-08,-1.5854282912941542e-08,8.762581579400067e-05,-1.3354589427667833e-08
104.15413016270335,2.8321776383974487e-05,1.5664730439169144e-08,-1.5664730439169144e-08,8.701294198158689e-05,-1.3200369353854895e-08
104.40438047559448,2.8118607936455918e-05,1.5477891002837196e-08,-1.5477891002837196e-08,8.640584292664887e-05,-1.3048278982163764e-08
104.6546307884856,2.7917378110849563e-05,1.5293719408400685e-08,-1.5293719408400685e-08,8.580445044461922e-05,-1.2898284121744597e-08
104.90488110137672,2.771806383942828e-05,1.5112171319059403e-08,-1.5112171319059403e-08,8.52086973167841e-05,-1.275035120715826e-08
105.15513141426784,2.752064238306297e-05,1.4933203238015253e-08,-1.4933203238015253e-08,8.461851727434451e-05,-1.2604447285122982e-08
105.40538172715894,2.7325091325774624e-05,1.4756772490558638e-08,-1.4756772490558638e-08,8.403384498277854e-05,-1.2460540001948226e-08
105.65563204005004,2.713138856938912e-05,1.4582837206913822e-08,-1.4582837206913822e-08,8.345461602649631e-05,-1.2318597591589782e-08
105.90588235294116,2.6939512328293017e-05,1.4411356305179415e-08,-1.4411356305179415e-08,8.28807668937832e-05,-1.2178588863665962e-08
106.15613266583227,2.6749441124288018e-05,1.4242289474370918e-08,-1.4242289474370918e-08,8.23122349620236e-05,-1.2040483191445706e-08
106.4063829787234,2.6561153781541834e-05,1.4075597158269296e-08,-1.4075597158269296e-08,8.174895848320081e-05,-1.190425050051612e-08
106.65663329161453,2.63746294216338e-05,1.391124054023666e-08,-1.391124054023666e-08,8.119087656966625e-05,-1.1769861258294102e-08
106.90688360450562,2.618984745869297e-05,1.3749181526334662e-08,-1.3749181526334662e-08,8.063792918017292e-05,-1.1637286461721046e-08
107.15713391739672,2.6006787594626756e-05,1.3589382731796859e-08,-1.3589382731796859e-08,8.00900571061674e-05,-1.1506497628195236e-08
107.40738423028785,2.5825429814438443e-05,1.3431807464851164e-08,-1.3431807464851164e-08,7.954720195833501e-05,-1.1377466783741222e-08
107.65763454317896,2.564575438163154e-05,1.3276419713287946e-08,-1.3276419713287946e-08,7.900930615339308e-05,-1.1250166453814897e-08
107.90788485607008,2.5467741833699072e-05,1.3123184129518227e-08,-1.3123184129518227e-08,7.847631290112687e-05,-1.112456965249174e-08
108.1581351689612,2.529137297769634e-05,1.2972066017834489e-08,-1.2972066017834489e-08,7.794816619166336e-05,-1.1000649873753671e-08
108.4083854818523,2.511662888589513e-05,1.2823031319524323e-08,-1.2823031319524323e-08,7.742481078297804e-05,-1.0878381080527613e-08
108.65863579474342,2.4943490891517856e-05,1.2676046601309267e-08,-1.2676046601309267e-08,7.690619218862978e-05,-1.0757737696950859e-08
108.90888610763452,2.4771940584549968e-05,1.2531079040985603e-08,-1.2531079040985603e-08,7.639225666571917e-05,-1.0638694597742717e-08
109.15913642052566,2.460195980762887e-05,1.2388096416063964e-08,-1.2388096416063964e-08,7.588295120306571e-05,-1.0521227100481879e-08
109.40938673341677,2.443353065200812e-05,1.224706709061956e-08,-1.224706709061956e-08,7.537822350959966e-05,-1.0405310956003838e-08
109.65963704630788,2.4266635453594825e-05,1.210796000410931e-08,-1.210796000410931e-08,7.487802200296344e-05,-1.0290922340677144e-08
109.909887359199,2.4101256789059328e-05,1.1970744658517936e-08,-1.1970744658517936e-08,7.438229579831945e-05,-1.017803784692287e-08
110.1601376720901,2.3937377472015313e-05,1.1835391108345383e-08,-1.1835391108345383e-08,7.389099469735913e-05,-1.0066634476492014e-08
110.4103879849812,2.377498054926898e-05,1.1701869947834011e-08,-1.1701869947834011e-08,7.340406917750952e-05,-9.956689630901527e-09
110.66063829787234,2.361404929713599e-05,1.1570152301678809e-08,-1.1570152301678809e-08,7.292147038133371e-05,-9.848181105274353e-09
110.91088861076344,2.3454567217824826e-05,1.1440209812465578e-08,-1.1440209812465578e-08,7.244315010612077e-05,-9.741087078830594e-09
111.16113892365456,2.3296518035884855e-05,1.1312014632236595e-08,-1.1312014632236595e-08,7.196906079366138e-05,-9.63538610943137e-09
111.41138923654567,2.313988569471844e-05,1.1185539410184025e-08,-1.1185539410184025e-08,7.149915552020583e-05,-9.531057124177566e-09
111.6616395494368,2.2984654353155132e-05,1.1060757284556857e-08,-1.1060757284556857e-08,7.103338798660059e-05,-9.428079414151279e-09
111.9118898623279,2.283080838208725e-05,1.0937641871466646e-08,-1.0937641871466646e-08,7.057171250859933e-05,-9.326432625987066e-09
112.16214017521902,2.2678332361165156e-05,1.0816167255993564e-08,-1.0816167255993564e-08,7.011408400734597e-05,-9.226096755676318e-09
112.41239048811012,2.2527211075551507e-05,1.0696307982726754e-08,-1.0696307982726754e-08,6.96604580000256e-05,-9.127052141740587e-09
112.66264080100125,2.2377429512732776e-05,1.0578039046653109e-08,-1.0578039046653109e-08,6.921079059067964e-05,-9.029279458689666e-09
112.91289111389236,2.2228972859387458e-05,1.0461335883876144e-08,-1.0461335883876144e-08,6.876503846118324e-05,-8.932759710247766e-09
113.16314142678348,2.208182649830931e-05,1.0346174363630217e-08,-1.0346174363630217e-08,6.832315886238031e-05,-8.83747422381471e-09
113.41339173967458,2.1935976005385e-05,1.0232530778738236e-08,-1.0232530778738236e-08,6.78851096053741e-05,-8.74340464331182e-09
113.66364205256568,2.1791407146624675e-05,1.0120381838064488e-08,-1.0120381838064488e-08,6.745084905296963e-05,-8.650532923965703e-09
113.91389236545682,2.164810587524473e-05,1.0009704657868249e-08,-1.0009704657868249e-08,6.702033611126533e-05,-8.55884132593709e-09
114.16414267834791,2.150605832880167e-05,9.900476753931632e-09,-9.900476753931632e-09,6.659353022139101e-05,-8.468312408669581e-09
114.41439299123904,2.1365250826375765e-05,9.792676034038302e-09,-9.792676034038302e-09,6.61703913513889e-05,-8.378929025536433e-09
114.66464330413017,2.12256698658041e-05,9.686280789509624e-09,-9.686280789509624e-09,6.575087998823561e-05,-8.29067431749323e-09
114.91489361702126,2.1087302120961474e-05,9.581269688717051e-09,-9.581269688717051e-09,6.533495713000159e-05,-8.203531708656642e-09
115.16514392991238,2.095013443908854e-05,9.477621768748217e-09,-9.477621768748217e-09,6.492258427814588e-05,-8.117484899988006e-09
115.4153942428035,2.0814153838166243e-05,9.375316429434709e-09,-9.375316429434709e-09,6.451372342994339e-05,-8.032517865290957e-09
115.6656445556946,2.067934750433558e-05,9.274333424861305e-09,-9.274333424861305e-09,6.410833707104235e-05,-7.948614844644142e-09
115.91589486858572,2.054570278936172e-05,9.174652857656467e-09,-9.174652857656467e-09,6.370638816814872e-05,-7.865760340569974e-09
116.16614518147684,2.0413207208141937e-05,9.076255172126687e-09,-9.076255172126687e-09,6.330784016183626e-05,-7.783939113003194e-09
116.41639549436796,2.0281848436256104e-05,8.979121146830054e-09,-8.979121146830054e-09,6.291265695947869e-05,-7.703136173655733e-09
116.66664580725906,2.0151614307559286e-05,8.883231889367684e-09,-8.883231889367684e-09,6.252080292830253e-05,-7.623336782557608e-09
116.91689612015018,2.0022492811815325e-05,8.788568828864001e-09,-8.788568828864001e-09,6.21322428885576e-05,-7.544526442245893e-09
117.1671464330413,1.989447209237093e-05,8.695113711057032e-09,-8.695113711057032e-09,6.17469421068035e-05,-7.466690894523986e-09
117.4173967459324,1.9767540443869208e-05,8.60284859110763e-09,-8.60284859110763e-09,6.136486628930939e-05,-7.389816114901081e-09
117.66764705882352,1.964168631000206e-05,8.511755828218402e-09,-8.511755828218402e-09,6.098598157556537e-05,-7.313888308803582e-09
117.91789737171464,1.9516898281300696e-05,8.421818080297751e-09,-8.421818080297751e-09,6.0610254531902964e-05,-7.238893907794857e-09
118.16814768460574,1.9393165092963472e-05,8.333018297053747e-09,-8.333018297053747e-09,6.023765214522284e-05,-7.164819564188935e-09
118.41839799749688,1.9270475622720276e-05,8.245339716071027e-09,-8.245339716071027e-09,5.986814181682768e-05,-7.0916521486122886e-09
118.66864831038798,1.9148818888733116e-05,8.158765855887773e-09,-8.158765855887773e-09,5.950169135635841e-05,-7.019378744531569e-09
118.91889862327908,1.902818404753167e-05,8.073280511663697e-09,-8.073280511663697e-09,5.9138268975831336e-05,-6.947986645339147e-09
119.1691489361702,1.890856039198366e-05,7.988867749495765e-09,-7.988867749495765e-09,5.877784328377503e-05,-6.877463350053954e-09
119.41939924906131,1.8789937349299154e-05,7.905511901715592e-09,-7.905511901715592e-09,5.842038327946441e-05,-6.807796559972412e-09
119.66964956195244,1.867230447906807e-05,7.823197561384546e-09,-7.823197561384546e-09,5.806585834725071e-05,-6.738974174486244e-09
119.91989987484357,1.855565147133051e-05,7.741909577932497e-09,-7.741909577932497e-09,5.77142382509852e-05,-6.670984288013884e-09
120.17015018773466,1.8439968144679098e-05,7.661633051844407e-09,-7.661633051844407e-09,5.736549312853519e-05,-6.60381518595041e-09
120.42040050062576,1.8325244444392782e-05,7.582353330950415e-09,-7.582353330950415e-09,5.7019593486390164e-05,-6.537455342192409e-09
120.67065081351689,1.821147044060162e-05,7.504056004086974e-09,-7.504056004086974e-09,5.667651019435721e-05,-6.471893414005981e-09
120.920901126408,1.8098636326481834e-05,7.426726898877446e-09,-7.426726898877446e-09,5.633621448034306e-05,-6.407118240987038e-09
121.17115143929912,1.7986732416480594e-05,7.3503520752768646e-09,-7.3503520752768646e-09,5.5998677925221915e-05,-6.3431188397592194e-09
121.42140175219023,1.7875749144570086e-05,7.27491782242407e-09,-7.27491782242407e-09,5.566387245778713e-05,-6.2798844019533235e-09
121.67165206508136,1.7765677062530156e-05,7.200410654326075e-09,-7.200410654326075e-09,5.533177034978539e-05,-6.217404290993707e-09
121.92190237797246,1.7656506838259217e-05,7.126817305219583e-09,-7.126817305219583e-09,5.500234421103159e-05,-6.155668038537216e-09
122.17215269086356,1.754822925411263e-05,7.0541247259953716e-09,-7.0541247259953716e-09,5.46755669846034e-05,-6.0946653419509596e-09
122.42240300375468,1.7440835205268324e-05,6.982320080049306e-09,-6.982320080049306e-09,5.4351411942113486e-05,-6.034386061193252e-09
122.6726533166458,1.7334315698119007e-05,6.911390739432738e-09,-6.911390739432738e-09,5.402985267905852e-05,-5.974820215971077e-09
122.92290362953692,1.722866184869047e-05,6.841324280928324e-09,-6.841324280928324e-09,5.371086311024318e-05,-5.915957982800642e-09
123.17315394242804,1.7123864881085544e-05,6.772108482484073e-09,-6.772108482484073e-09,5.339441746527811e-05,-5.857789692404377e-09
123.42340425531914,1.7019916125953335e-05,6.703731319685592e-09,-6.703731319685592e-09,5.308049028415006e-05,-5.800305827124877e-09
123.67365456821024,1.691680701898306e-05,6.6361809615911715e-09,-6.6361809615911715e-09,5.2769056412863404e-05,-5.743497017680931e-09
123.92390488110136,1.6814529099422263e-05,6.569445767960997e-09,-6.569445767960997e-09,5.246009099915149e-05,-5.687354041297424e-09
124.17415519399248,1.671307400861886e-05,6.503514285185344e-09,-6.503514285185344e-09,5.2153569488256445e-05,-5.631867818514467e-09
124.4244055068836,1.661243348858653e-05,6.43837524358916e-09,-6.43837524358916e-09,5.184946761877644e-05,-5.577029411353615e-09
124.67465581977471,1.6512599380593193e-05,6.374017553198032e-09,-6.374017553198032e-09,5.154776141857929e-05,-5.522830019926634e-09
124.92490613266582,1.641356362377196e-05,6.3104303017373686e-09,-6.3104303017373686e-09,5.124842720078057e-05,-5.469260981259111e-09
125.17515644555694,1.6315318253754353e-05,6.247602750092528e-09,-6.247602750092528e-09,5.095144155978607e-05,-5.416313765557052e-09
125.42540675844803,1.6217855401325237e-05,6.185524330235733e-09,-6.185524330235733e-09,5.0656781367396564e-05,-5.3639799749227495e-09
125.67565707133916,1.6121167291099122e-05,6.124184641843599e-09,-6.124184641843599e-09,5.03644237689743e-05,-5.3122513407441556e-09
125.92590738423029,1.6025246240217557e-05,6.06357344902657e-09,-6.06357344902657e-09,5.0074346179669954e-05,-5.261119721179462e-09
126.1761576971214,1.5930084657067043e-05,6.00368067804552e-09,-6.00368067804552e-09,4.9786526280709e-05,-5.210577099612532e-09
126.42640801001252,1.583567504001726e-05,5.944496413801166e-09,-5.944496413801166e-09,4.950094201573628e-05,-5.160615581865229e-09
126.67665832290362,1.5742009976179238e-05,5.8860108969794175e-09,-5.8860108969794175e-09,4.9217571587218034e-05,-5.1112273940501154e-09
126.92690863579472,1.5649082140182943e-05,5.828214522465986e-09,-5.828214522465986e-09,4.893639345290029e-05,-5.062404881677239e-09
127.17715894868584,1.555688429297423e-05,5.7710978348118785e-09,-5.7710978348118785e-09,4.865738632232246e-05,-5.014140505796961e-09
127.42740926157695,1.5465409280630574e-05,5.7146515270271976e-09,-5.7146515270271976e-09,4.838052915338524e-05,-4.966426842456616e-09
127.67765957446808,1.5374650033195313e-05,5.6588664375088374e-09,-5.6588664375088374e-09,4.810580114897215e-05,-4.919256580276906e-09
127.9279098873592,1.5284599563530163e-05,5.603733547220673e-09,-5.603733547220673e-09,4.783318175362321e-05,-4.872622518266985e-09
128.17816020025032,1.5195250966185573e-05,5.549243977718765e-09,-5.549243977718765e-09,4.756265065026045e-05,-4.826517564471048e-09
128.42841051314144,1.5106597416288666e-05,5.495388988212428e-09,-5.495388988212428e-09,4.7294187756963905e-05,-4.7809347336376055e-09
128.67866082603254,1.501863216844848e-05,5.442159973398087e-09,-5.442159973398087e-09,4.702777322379751e-05,-4.735867145648662e-09
128.92891113892367,1.4931348555678091e-05,5.389548461216007e-09,-5.389548461216007e-09,4.676338742968366e-05,-4.691308023859185e-09
129.17916145181476,1.4844739988333544e-05,5.337546110285155e-09,-5.337546110285155e-09,4.650101097932624e-05,-4.647250693102414e-09
129.4294117647059,1.4758799953069003e-05,5.286144707752994e-09,-5.286144707752994e-09,4.624062470018045e-05,-4.60368857809809e-09
129.679662077597,1.4673522011808162e-05,5.235336167078834e-09,-5.235336167078834e-09,4.598220963946941e-05,-4.560615201782502e-09
129.9299123904881,1.4588899800731318e-05,5.18511252594691e-09,-5.18511252594691e-09,4.572574706124602e-05,-4.518024183756807e-09
130.18016270337924,1.450492702927814e-05,5.135465943798522e-09,-5.135465943798522e-09,4.547121844350013e-05,-4.475909238343186e-09
130.43041301627034,1.442159747916561e-05,5.086388700136235e-09,-5.086388700136235e-09,4.521860547530936e-05,-4.434264173402129e-09
130.68066332916146,1.4338905003420983e-05,5.0378731923141664e-09,-5.0378731923141664e-09,4.496789005403326e-05,-4.393082888625104e-09
130.93091364205256,1.4256843525429616e-05,4.9899119333624e-09,-4.9899119333624e-09,4.471905428255049e-05,-4.352359373850884e-09
131.18116395494368,1.4175407037997136e-05,4.942497550144013e-09,-4.942497550144013e-09,4.447208046653716e-05,-4.312087707704287e-09
131.4314142678348,1.4094589602426018e-05,4.8956227815190755e-09,-4.8956227815190755e-09,4.422695111178699e-05,-4.272262056231879e-09
131.6816645807259,1.4014385347606079e-05,4.849280476300462e-09,-4.849280476300462e-09,4.398364892157145e-05,-4.232876671319741e-09
131.93191489361703,1.3934788469118759e-05,4.803463591208812e-09,-4.803463591208812e-09,4.374215679403967e-05,-4.193925889100843e-09
132.18216520650813,1.385579322835501e-05,4.758165189587783e-09,-4.758165189587783e-09,4.350245781965783e-05,-4.155404129113368e-09
132.43241551939926,1.3777393951646389e-05,4.713378438898247e-09,-4.713378438898247e-09,4.326453527868644e-05,-4.117305892228881e-09
132.68266583229035,1.369958502940935e-05,4.669096609492187e-09,-4.669096609492187e-09,4.302837263869586e-05,-4.079625759851262e-09
132.93291614518148,1.362236091530228e-05,4.6253130728035106e-09,-4.6253130728035106e-09,4.27939535521185e-05,-4.0423583925238705e-09
133.1831664580726,1.354571612539531e-05,4.582021299099328e-09,-4.582021299099328e-09,4.2561261853838046e-05,-4.005498528088622e-09
133.4334167709637,1.3469645237352449e-05,4.539214856876815e-09,-4.539214856876815e-09,4.2330281558814156e-05,-3.969040981482346e-09
133.68366708385483,1.3394142889625986e-05,4.496887410006534e-09,-4.496887410006534e-09,4.210099685974256e-05,-3.932980642271447e-09
133.93391739674593,1.3319203780662957e-05,4.455032717039014e-09,-4.455032717039014e-09,4.1873392124750175e-05,-3.897312474341859e-09
134.18416770963705,1.3244822668123316e-05,4.413644629241596e-09,-4.413644629241596e-09,4.164745189512385e-05,-3.862031514311485e-09
134.43441802252818,1.3170994368109867e-05,4.372717089096785e-09,-4.372717089096785e-09,4.142316088307312e-05,-3.82713287039652e-09
134.68466833541927,1.3097713754409514e-05,4.332244128708282e-09,-4.332244128708282e-09,4.120050396952571e-05,-3.7926117211780214e-09
134.9349186483104,1.3024975757745764e-05,4.292219868607825e-09,-4.292219868607825e-09,4.0979466201955575e-05,-3.758463314761992e-09
135.1851689612015,1.2952775365042361e-05,4.252638515816516e-09,-4.252638515816516e-09,4.076003279224288e-05,-3.724682967186834e-09
135.43541927409262,1.288110761869765e-05,4.213494362873467e-09,-4.213494362873467e-09,4.0542189114565356e-05,-3.6912660617911583e-09
135.68566958698372,1.2809967615869774e-05,4.1747817861063015e-09,-4.1747817861063015e-09,4.032592070332059e-05,-3.6582080478166325e-09
135.93591989987485,1.2739350507772234e-05,4.136495244443912e-09,-4.136495244443912e-09,4.011121325107854e-05,-3.625504439546424e-09
136.18617021276597,1.266925149897992e-05,4.098629277823523e-09,-4.098629277823523e-09,3.989805260656412e-05,-3.5931508150314305e-09
136.43642052565707,1.2599665846745213e-05,4.061178506319796e-09,-4.061178506319796e-09,3.968642477266907e-05,-3.5611428155321743e-09
136.6866708385482,1.2530588860324108e-05,4.0241376280525775e-09,-4.0241376280525775e-09,3.9476315904492594e-05,-3.5294761437331073e-09
136.9369211514393,1.246201590031221e-05,3.9875014188230405e-09,-3.9875014188230405e-09,3.9267712307410764e-05,-3.498146563679202e-09
137.18717146433042,1.2393942377990333e-05,3.951264730135338e-09,-3.951264730135338e-09,3.906060043517348e-05,-3.4671498990920935e-09
137.43742177722154,1.2326363754679693e-05,3.9154224882020376e-09,-3.9154224882020376e-09,3.8854966888029356e-05,-3.436482032664153e-09
137.68767209011264,1.2259275541106396e-05,3.879969693007387e-09,-3.879969693007387e-09,3.865079841087736e-05,-3.4061389054046836e-09
137.93792240300377,1.2192673296775146e-05,3.844901416411795e-09,-3.844901416411795e-09,3.844808189144512e-05,-3.3761165150217482e-09
138.18817271589486,1.2126552629352053e-05,3.810212801918091e-09,-3.810212801918091e-09,3.824680435849367e-05,-3.3464109159602862e-09
138.438423028786,1.206090919405628e-05,3.775899062515685e-09,-3.775899062515685e-09,3.8046952980047565e-05,-3.317018217512802e-09
138.6886733416771,1.1995738693060531e-05,3.741955480455554e-09,-3.741955480455554e-09,3.7848515061650856e-05,-3.2879345838556245e-09
138.9389236545682,1.1931036874900086e-05,3.7083774053736965e-09,-3.7083774053736965e-09,3.765147804464741e-05,-3.259156232428517e-09
139.18917396745934,1.1866799533890388e-05,3.6751602538880496e-09,-3.6751602538880496e-09,3.7455829504486393e-05,-3.2306794337827325e-09
139.43942428035044,1.1803022509552946e-05,3.6422995079275182e-09,-3.6422995079275182e-09,3.7261557149051464e-05,-3.20250051015627e-09
139.68967459324156,1.1739701686049421e-05,3.609790714053227e-09,-3.609790714053227e-09,3.706864881701386e-05,-3.1746158350365557e-09
139.93992490613266,1.1676832991623876e-05,3.577629482345713e-09,-3.577629482345713e-09,3.687709247620899e-05,-3.1470218322843513e-09
140.1901752190238,1.1614412398052867e-05,3.5458114852124006e-09,-3.5458114852124006e-09,3.668687622203588e-05,-3.119714975173356e-09
140.4404255319149,1.1552435920103499e-05,3.5143324566967824e-09,-3.5143324566967824e-09,3.649798827587933e-05,-3.0926917859269977e-09
140.690675844806,1.1490899614999008e-05,3.4831881911873303e-09,-3.4831881911873303e-09,3.631041698355448e-05,-3.0659488346505505e-09
140.9409261576971,1.1429799581892069e-05,3.452374542732119e-09,-3.452374542732119e-09,3.6124150813772944e-05,-3.039482738864651e-09
141.19117647058823,1.1369131961345484e-05,3.4218874239095626e-09,-3.4218874239095626e-09,3.593917835663103e-05,-3.013290162590693e-09
141.44142678347936,1.1308892934820244e-05,3.391722804788668e-09,-3.391722804788668e-09,3.575548832211877e-05,-2.9873678155216115e-09
141.69167709637046,1.1249078724170774e-05,3.3618767125478275e-09,-3.3618767125478275e-09,3.557306953865015e-05,-2.9617124528471508e-09
141.94192740926158,1.1189685591147297e-05,3.332345229731386e-09,-3.332345229731386e-09,3.5391910951613696e-05,-2.9363208737129458e-09
142.1921777221527,1.1130709836905221e-05,3.3031244942968158e-09,-3.3031244942968158e-09,3.521200162194358e-05,-2.911189921466326e-09
142.4424280350438,1.1072147801521385e-05,3.2742106979465293e-09,-3.2742106979465293e-09,3.5033330724710355e-05,-2.886316482182956e-09
142.69267834793493,1.1013995863517048e-05,3.245600085853776e-09,-3.245600085853776e-09,3.4855887547731555e-05,-2.8616974845838455e-09
142.94292866082603,1.095625043938764e-05,3.2172889554071546e-09,-3.2172889554071546e-09,3.46796614902015e-05,-2.8373298989673197e-09
143.19317897371715,1.0898907983138954e-05,3.1892736557882753e-09,-3.1892736557882753e-09,3.450464206134018e-05,-2.813210736970583e-09
143.44342928660828,1.0841964985829916e-05,3.161550586838368e-09,-3.161550586838368e-09,3.433081887906076e-05,-2.789337050616723e-09
143.69367959949938,1.0785417975121646e-05,3.1341161983000694e-09,-3.1341161983000694e-09,3.415818166865568e-05,-2.7657059317334796e-09
143.9439299123905,1.0729263514832764e-05,3.106966989289743e-09,-3.106966989289743e-09,3.3986720261500625e-05,-2.7423145115991972e-09
144.1941802252816,1.0673498204500948e-05,3.080099507288995e-09,-3.080099507288995e-09,3.381642459377675e-05,-2.7191599601046774e-09
144.44443053817272,1.0618118678950445e-05,3.0535103474721954e-09,-3.0535103474721954e-09,3.364728470521007e-05,-2.696239485247841e-09
144.69468085106382,1.0563121607865664e-05,3.0271961518683467e-09,-3.0271961518683467e-09,3.347929073782844e-05,-2.673550332459574e-09
144.94493116395495,1.0508503695370544e-05,3.0011536089463273e-09,-3.0011536089463273e-09,3.331243293473546e-05,-2.651089784349876e-09
145.19518147684607,1.0454261679613811e-05,2.97537945239948e-09,-2.97537945239948e-09,3.314670163890129e-05,-2.628855159650322e-09
145.44543178973717,1.0400392332359866e-05,2.9498704610216696e-09,-2.9498704610216696e-09,3.298208729196976e-05,-2.6068438132450435e-09
145.6956821026283,1.0346892458585292e-05,2.9246234574104564e-09,-2.9246234574104564e-09,3.2818580433081945e-05,-2.5850531350259258e-09
145.9459324155194,1.0293758896080934e-05,2.899635307910729e-09,-2.899635307910729e-09,3.265617169771578e-05,-2.5634805499854206e-09
146.19618272841052,1.0240988515059349e-05,2.8749029213587912e-09,-2.8749029213587912e-09,3.249485181654119e-05,-2.5421235171070374e-09
146.44643304130162,1.0188578217767689e-05,2.8504232488435436e-09,-2.8504232488435436e-09,3.233461161429115e-05,-2.5209795292701987e-09
146.69668335419274,1.0136524938105771e-05,2.8261932830066264e-09,-2.8261932830066264e-09,3.217544200864765e-05,-2.5000461126913935e-09
146.94693366708387,1.0084825641249439e-05,2.8022100570859476e-09,-2.8022100570859476e-09,3.2017334009143005e-05,-2.4793208261060947e-09
147.19718397997497,1.003347732327896e-05,2.778470644679614e-09,-2.778470644679614e-09,3.1860278716075925e-05,-2.4588012606685187e-09
147.4474342928661,9.982477010812477e-06,2.7549721591192716e-09,-2.7549721591192716e-09,3.1704267319442034e-05,-2.4384850394582883e-09
147.6976846057572,9.931821760644475e-06,2.7317117523307427e-09,-2.7317117523307427e-09,3.154929109787908e-05,-2.4183698164719202e-09
147.94793491864831,9.881508659389029e-06,2.70868661519389e-09,-2.70868661519389e-09,3.1395341417625976e-05,-2.398453277111144e-09
148.19818523153944,9.831534823127982e-06,2.6858939758328705e-09,-2.6858939758328705e-09,3.1242409731496185e-05,-2.378733136599233e-09
148.44843554443054,9.781897397063762e-06,2.6633311001199227e-09,-2.6633311001199227e-09,3.1090487577864506e-05,-2.3592071406085665e-09
148.69868585732166,9.732593555176901e-06,2.64099529032537e-09,-2.64099529032537e-09,3.093956657966747e-05,-2.3398730640321317e-09
148.94893617021276,9.683620499888186e-06,2.618883884906629e-09,-2.618883884906629e-09,3.078963844341737e-05,-2.320728710891807e-09
149.1991864831039,9.634975461725252e-06,2.5969942580148167e-09,-2.5969942580148167e-09,3.0640694958228935e-05,-2.3017719139620723e-09
149.44943679599498,9.586655698993737e-06,2.575323818785536e-09,-2.575323818785536e-09,3.0492727994859452e-05,-2.283000534175751e-09
149.6996871088861,9.538658497452725e-06,2.5538700108327767e-09,-2.5538700108327767e-09,3.034572950476118e-05,-2.2644124602307845e-09
149.94993742177724,9.490981169994599e-06,2.532630311855077e-09,-2.532630311855077e-09,3.019969151914668e-05,-2.2460056083072103e-09
150.20018773466833,9.443621056329103e-06,2.5116022331734806e-09,-2.5116022331734806e-09,3.005460614806632e-05,-2.2277779217139234e-09
150.45043804755946,9.396575522671611e-06,2.4907833188444794e-09,-2.4907833188444794e-09,2.9910465579497966e-05,-2.209727370108457e-09
150.70068836045056,9.34984196143556e-06,2.4701711456113816e-09,-2.4701711456113816e-09,2.9767262078448822e-05,-2.191851949553251e-09
150.95093867334168,9.303417790928893e-06,2.449763322370919e-09,-2.449763322370919e-09,2.9624987986068906e-05,-2.174149682085271e-09
151.2011889862328,9.257300455054597e-06,2.4295574892057985e-09,-2.4295574892057985e-09,2.9483635718776322e-05,-2.1566186148497063e-09
151.4514392991239,9.211487423015123e-06,2.4095513177214594e-09,-2.4095513177214594e-09,2.9343197767394014e-05,-2.139256820536064e-09
151.70168961201503,9.165976189020717e-06,2.3897425098786876e-09,-2.3897425098786876e-09,2.920366669629761e-05,-2.1220623963083264e-09
151.95193992490613,9.120764272001638e-06,2.3701287978343125e-09,-2.3701287978343125e-09,2.9065035142574808e-05,-2.105033463741444e-09
152.20219023779725,9.07584921532406e-06,2.3507079435885183e-09,-2.3507079435885183e-09,2.8927295815195286e-05,-2.0881681685627312e-09
152.45244055068835,9.031228586509805e-06,2.3314777383128685e-09,-2.3314777383128685e-09,2.8790441494191903e-05,-2.0714646800722844e-09
152.70269086357948,8.986899976959642e-06,2.3124360022298236e-09,-2.3124360022298236e-09,2.865446502985204e-05,-2.0549211911132555e-09
152.9529411764706,8.9428610016803e-06,2.2935805837403705e-09,-2.2935805837403705e-09,2.8519359341919955e-05,-2.0385359172886077e-09
153.2031914893617,8.899109299014969e-06,2.2749093594217966e-09,-2.2749093594217966e-09,2.838511741880917e-05,-2.02230709704644e-09
153.45344180225285,8.855642530377315e-06,2.2564202335133077e-09,-2.2564202335133077e-09,2.825173231682508e-05,-2.006232991251596e-09
153.70369211514392,8.812458379989045e-06,2.2381111373992713e-09,-2.2381111373992713e-09,2.8119197159397826e-05,-1.9903118827533716e-09
153.95394242803505,8.769554554620717e-06,2.2199800291694283e-09,-2.2199800291694283e-09,2.7987505136324745e-05,-1.9745420760287008e-09
154.20419274092615,8.726928783336083e-06,2.2020248935028037e-09,-2.2020248935028037e-09,2.7856649503022927e-05,-1.958921897147568e-09
154.45444305381727,8.684578817239603e-06,2.1842437410998198e-09,-2.1842437410998198e-09,2.772662357979117e-05,-1.943449693285189e-09
154.7046933667084,8.64250242922732e-06,2.1666346081967997e-09,-2.1666346081967997e-09,2.7597420751081396e-05,-1.9281238323151702e-09
154.9549436795995,8.600697413740882e-06,2.1491955564519507e-09,-2.1491955564519507e-09,2.746903446477963e-05,-1.9129427027727614e-09
155.20519399249062,8.55916158652475e-06,2.1319246724038234e-09,-2.1319246724038234e-09,2.734145823149593e-05,-1.8979047133892327e-09
155.45544430538172,8.517892784386563e-06,2.114820067012514e-09,-2.114820067012514e-09,2.721468562386362e-05,-1.883008292707657e-09
155.70569461827284,8.476888864960509e-06,2.097879875783024e-09,-2.097879875783024e-09,2.708871027584723e-05,-1.868251889279553e-09
155.95594493116397,8.436147706473809e-06,2.0811022576927545e-09,-2.0811022576927545e-09,2.696352588205954e-05,-1.8536339706643708e-09
156.20619524405507,8.39566720751613e-06,2.0644853955593503e-09,-2.0644853955593503e-09,2.6839126197087053e-05,-1.8391530238680794e-09
156.4564455569462,8.355445286811954e-06,2.048027495113576e-09,-2.048027495113576e-09,2.6715505034824156e-05,-1.8248075544855536e-09
156.7066958698373,8.315479882995887e-06,2.0317267851581743e-09,-2.0317267851581743e-09,2.6592656267815812e-05,-1.8105960869277274e-09
156.95694618272842,8.27576895439077e-06,2.0155815168683793e-09,-2.0155815168683793e-09,2.6470573826608333e-05,-1.7965171637892251e-09
157.20719649561954,8.236310478788674e-06,1.9995899636891556e-09,-1.9995899636891556e-09,2.634925169910866e-05,-1.7825693458115467e-09
157.45744680851064,8.197102453234627e-06,1.983750420915223e-09,-1.983750420915223e-09,2.622868392995145e-05,-1.7687512115279022e-09
157.70769712140176,8.158142893813092e-06,1.9680612054381276e-09,-1.9680612054381276e-09,2.610886461987436e-05,-1.7550613570739716e-09
157.95794743429286,8.119429835437183e-06,1.9525206554152136e-09,-1.9525206554152136e-09,2.5989787925101054e-05,-1.741498395919463e-09
158.208197747184,8.080961331640481e-06,1.937127129924109e-09,-1.937127129924109e-09,2.5871448056732047e-05,-1.728060958584112e-09
158.45844806007509,8.042735454371545e-06,1.9218790087481357e-09,-1.9218790087481357e-09,2.5753839280143107e-05,-1.7147476924835421e-09
158.7086983729662,8.004750293790942e-06,1.906774692072507e-09,-1.906774692072507e-09,2.5636955914391276e-05,-1.7015572616848778e-09
158.95894868585734,7.967003958070894e-06,1.8918126000241325e-09,-1.8918126000241325e-09,2.552079233162826e-05,-1.688488346504945e-09
159.20919899874843,7.929494573197398e-06,1.8769911728201852e-09,-1.8769911728201852e-09,2.5405342956521185e-05,-1.6755396437162318e-09
159.45944931163956,7.89222028277483e-06,1.8623088698072536e-09,-1.8623088698072536e-09,2.529060226568046e-05,-1.6627098656424592e-09
159.70969962453066,7.855179247833021e-06,1.847764169970387e-09,-1.847764169970387e-09,2.5176564787095036e-05,-1.6499977407230745e-09
159.95994993742178,7.818369646636709e-06,1.833355571000299e-09,-1.833355571000299e-09,2.506322509957424e-05,-1.6374020126349646e-09
160.21020025031288,7.781789674497405e-06,1.8190815894644106e-09,-1.8190815894644106e-09,2.4950577832197072e-05,-1.6249214405170756e-09
160.460450563204,7.745437543587561e-06,1.8049407602154219e-09,-1.8049407602154219e-09,2.4838617663767773e-05,-1.6125547984316578e-09
160.71070087609513,7.70931148275709e-06,1.7909316365557037e-09,-1.7909316365557037e-09,2.472733932227862e-05,-1.6003008755804302e-09
160.96095118898623,7.673409737352143e-06,1.777052789385052e-09,-1.777052789385052e-09,2.461673758437897e-05,-1.588158475503236e-09
161.21120150187735,7.637730569036116e-06,1.7633028076214939e-09,-1.7633028076214939e-09,2.4506807274851112e-05,-1.5761264165488869e-09
161.46145181476845,7.602272255612926e-06,1.7496802974568996e-09,-1.7496802974568996e-09,2.4397543266092394e-05,-1.5642035311799695e-09
161.71170212765958,7.567033090852407e-06,1.7361838822817035e-09,-1.7361838822817035e-09,2.4288940477603857e-05,-1.5523886659459307e-09
161.9619524405507,7.5320113843179176e-06,1.7228122024814379e-09,-1.7228122024814379e-09,2.4180993875485023e-05,-1.5406806813271627e-09
162.2122027534418,7.497205461196037e-06,1.7095639152086098e-09,-1.7095639152086098e-09,2.4073698471934985e-05,-1.5290784515536321e-09
162.46245306633293,7.4626136621283544e-06,1.6964376940327816e-09,-1.6964376940327816e-09,2.3967049324759496e-05,-1.5175808643009272e-09
162.71270337922402,7.428234343045367e-06,1.683432228886336e-09,-1.683432228886336e-09,2.3861041536884152e-05,-1.5061868206812211e-09
162.96295369211515,7.394065875002355e-06,1.6705462256305714e-09,-1.6705462256305714e-09,2.3755670255873476e-05,-1.494895234853809e-09
163.21320400500625,7.360106644017324e-06,1.657778406053038e-09,-1.657778406053038e-09,2.3650930673455896e-05,-1.4837050340661422e-09
163.46345431789737,7.326355050910879e-06,1.645127507542462e-09,-1.645127507542462e-09,2.354681802505446e-05,-1.472615158371725e-09
163.7137046307885,7.2928095111481e-06,1.632592282793032e-09,-1.632592282793032e-09,2.3443327589323234e-05,-1.4616245603766548e-09
163.9639549436796,7.259468454682311e-06,1.6201714997688928e-09,-1.6201714997688928e-09,2.3340454687689443e-05,-1.4507322052456696e-09
164.21420525657072,7.226330325800755e-06,1.6078639413705453e-09,-1.6078639413705453e-09,2.32381946839009e-05,-1.4399370704094102e-09
164.46445556946182,7.193393582972173e-06,1.5956684052908774e-09,-1.5956684052908774e-09,2.3136542983579276e-05,-1.4292381454606383e-09
164.71470588235294,7.1606566986961875e-06,1.5835837037674067e-09,-1.5835837037674067e-09,2.3035495033778318e-05,-1.4186344319459992e-09
164.96495619524407,7.1281181593545586e-06,1.5716086634255532e-09,-1.5716086634255532e-09,2.2935046322547835e-05,-1.408124943248162e-09
165.21520650813517,7.095776465064206e-06,1.5597421250589175e-09,-1.5597421250589175e-09,2.283519237850257e-05,-1.3977087044043254e-09
165.4654568210263,7.063630129532009e-06,1.5479829434450874e-09,-1.5479829434450874e-09,2.2735928770396442e-05,-1.3873847519596216e-09
165.7157071339174,7.031677679911386e-06,1.5363299871436876e-09,-1.5363299871436876e-09,2.2637251106701893e-05,-1.3771521338021426e-09
165.96595744680852,6.9999176566605605e-06,1.5247821383775607e-09,-1.5247821383775607e-09,2.2539155035194154e-05,-1.3670099090804953e-09
166.2162077596996,6.968348613402577e-06,1.5133382926906267e-09,-1.5133382926906267e-09,2.244163624254063e-05,-1.3569571478974336e-09
166.46645807259074,6.936969116786945e-06,1.5019973589537369e-09,-1.5019973589537369e-09,2.234469045389506e-05,-1.3469929313509027e-09
166.7167083854819,6.9057777463529954e-06,1.4907582590986073e-09,-1.4907582590986073e-09,2.224831343249658e-05,-1.337116351302586e-09
166.96695869837296,6.874773094394853e-06,1.4796199278812526e-09,-1.4796199278812526e-09,2.2152500979273617e-05,-1.3273265101753867e-09
167.2172090112641,6.843953765827972e-06,1.4685813128274505e-09,-1.4685813128274505e-09,2.2057248932452304e-05,-1.3176225209323886e-09
167.4674593241552,6.813318378057374e-06,1.4576413740170315e-09,-1.4576413740170315e-09,2.1962553167169796e-05,-1.3080035068940912e-09
167.7177096370463,6.782865560847345e-06,1.4467990838243712e-09,-1.4467990838243712e-09,2.1868409595091915e-05,-1.2984686015113187e-09
167.96795994993744,6.75259395619276e-06,1.4360534269669795e-09,-1.4360534269669795e-09,2.1774814164035552e-05,-1.2890169484456925e-09
168.2182102628285,6.7225022181919044e-06,1.4254034000907025e-09,-1.4254034000907025e-09,2.168176285759533e-05,-1.279647701186207e-09
168.46846057571966,6.692589012920778e-06,1.4148480117513028e-09,-1.4148480117513028e-09,2.1589251694774787e-05,-1.2703600230616718e-09
168.71871088861076,6.662853018308975e-06,1.4043862823328017e-09,-1.4043862823328017e-09,2.1497276729621935e-05,-1.261153087189417e-09
168.96896120150188,6.6332929240169235e-06,1.3940172436480928e-09,-1.3940172436480928e-09,2.1405834050868947e-05,-1.2520260761057832e-09
169.21921151439298,6.603907431314662e-06,1.3837399390121242e-09,-1.3837399390121242e-09,2.1314919781576264e-05,-1.2429781818686969e-09
169.4694618272841,6.5746952529619855e-06,1.373553423040359e-09,-1.373553423040359e-09,2.122453007878077e-05,-1.2340086058850502e-09
169.71971214017523,6.545655113090057e-06,1.363456761350267e-09,-1.363456761350267e-09,2.113466113314805e-05,-1.2251165586406509e-09
169.96996245306633,6.516785747084368e-06,1.3534490306680957e-09,-1.3534490306680957e-09,2.1045309168628872e-05,-1.2163012598349912e-09
170.22021276595746,6.488085901469082e-06,1.343529318444675e-09,-1.343529318444675e-09,2.0956470442119492e-05,-1.207561938024606e-09
170.47046307884855,6.4595543337927654e-06,1.3336967228534914e-09,-1.3336967228534914e-09,2.0868141243126062e-05,-1.1988978306482568e-09
170.72071339173968,6.431189812515405e-06,1.3239503526558198e-09,-1.3239503526558198e-09,2.078031789343287e-05,-1.1903081839187427e-09
170.9709637046308,6.402991116896801e-06,1.3142893269193467e-09,-1.3142893269193467e-09,2.0692996746774444e-05,-1.1817922525677756e-09
171.2212140175219,6.3749570368862205e-06,1.304712775063053e-09,-1.304712775063053e-09,2.060617418851155e-05,-1.1733492999166982e-09
171.47146433041303,6.347086373013348e-06,1.2952198366666957e-09,-1.2952198366666957e-09,2.051984663531073e-05,-1.1649785977113912e-09
171.72171464330413,6.319377936280534e-06,1.2858096611511726e-09,-1.2858096611511726e-09,2.043401053482787e-05,-1.1566794258276575e-09
171.97196495619525,6.291830548056245e-06,1.2764814080476472e-09,-1.2764814080476472e-09,2.0348662365395055e-05,-1.1484510725649722e-09
172.22221526908635,6.264443039969803e-06,1.2672342463807747e-09,-1.2672342463807747e-09,2.0263798635711443e-05,-1.1402928340539427e-09
172.47246558197747,6.237214253807298e-06,1.2580673550311221e-09,-1.2580673550311221e-09,2.0179415884537272e-05,-1.132204014642581e-09
172.7227158948686,6.210143041408747e-06,1.2489799221463368e-09,-1.2489799221463368e-09,2.009551068039178e-05,-1.1241839263309466e-09
172.9729662077597,6.183228264566414e-06,1.2399711454493438e-09,-1.2399711454493438e-09,2.0012079621254316e-05,-1.1162318891024506e-09
173.22321652065082,6.156468794924301e-06,1.2310402317310222e-09,-1.2310402317310222e-09,1.9929119334269024e-05,-1.1083472304392723e-09
173.47346683354192,6.129863513878832e-06,1.2221863970214076e-09,-1.2221863970214076e-09,1.9846626475452853e-05,-1.1005292855159474e-09
173.72371714643305,6.103411312480626e-06,1.2134088663205503e-09,-1.2134088663205503e-09,1.9764597729406958e-05,-1.0927773969522588e-09
173.97396745932417,6.077111091337456e-06,1.2047068735599122e-09,-1.2047068735599122e-09,1.9683029809031343e-05,-1.085090914796322e-09
174.22421777221527,6.05096176051828e-06,1.1960796613220633e-09,-1.1960796613220633e-09,1.9601919455242795e-05,-1.0774691962656298e-09
174.4744680851064,6.0249622394583785e-06,1.187526481068089e-09,-1.187526481068089e-09,1.952126343669598e-05,-1.0699116059954764e-09
174.7247183979975,5.999111456865605e-06,1.179046592603864e-09,-1.179046592603864e-09,1.9441058549507838e-05,-1.0624175155259164e-09
174.97496871088862,5.973408350627663e-06,1.1706392643250574e-09,-1.1706392643250574e-09,1.936130161698489e-05,-1.054986303567139e-09
175.22521902377972,5.947851867720489e-06,1.1623037728369876e-09,-1.1623037728369876e-09,1.9281989489353945e-05,-1.0476173556393668e-09
175.47546933667084,5.92244096411763e-06,1.1540394031309192e-09,-1.1540394031309192e-09,1.9203119043495492e-05,-1.0403100642688942e-09
175.72571964956197,5.897174604700701e-06,1.1458454481611261e-09,-1.1458454481611261e-09,1.912468718268046e-05,-1.033063828584578e-09
175.97596996245306,5.8720517631708225e-06,1.1377212090065173e-09,-1.1377212090065173e-09,1.904669083630968e-05,-1.0258780544985955e-09
176.2262202753442,5.8470714219610706e-06,1.1296659946318198e-09,-1.1296659946318198e-09,1.8969126959656446e-05,-1.0187521544864613e-09
176.4764705882353,5.822232572149943e-06,1.1216791217973311e-09,-1.1216791217973311e-09,1.889199253361191e-05,-1.0116855475153224e-09
176.7267209011264,5.797534213375764e-06,1.1137599150532148e-09,-1.1137599150532148e-09,1.881528456443336e-05,-1.0046776590565116e-09
176.9769712140175,5.772975353752097e-06,1.105907706439499e-09,-1.105907706439499e-09,1.8739000083495315e-05,-9.97727920803522e-10
177.22722152690864,5.748555009784072e-06,1.0981218356944305e-09,-1.0981218356944305e-09,1.866313614704341e-05,-9.908357708980618e-10
177.47747183979976,5.724272206285696e-06,1.0904016498041919e-09,-1.0904016498041919e-09,1.8587689835951057e-05,-9.840006534971982e-10
177.72772215269086,5.700125976298061e-06,1.0827465032129547e-09,-1.0827465032129547e-09,1.8512658255478803e-05,-9.772220190005712e-10
177.97797246558198,5.6761153610084744e-06,1.0751557575782881e-09,-1.0751557575782881e-09,1.843803853503638e-05,-9.704993238227019e-10
178.22822277847308,5.652239409670529e-06,1.0676287816549428e-09,-1.0676287816549428e-09,1.8363827827947437e-05,-9.63832030293414e-10
178.4784730913642,5.628497179525016e-06,1.0601649513630132e-09,-1.0601649513630132e-09,1.829002331121685e-05,-9.572196067423825e-10
178.72872340425533,5.604887735721775e-06,1.0527636494755715e-09,-1.0527636494755715e-09,1.8216622185300632e-05,-9.50661527202903e-10
178.97897371714643,5.581410151242381e-06,1.045424265713704e-09,-1.045424265713704e-09,1.8143621673878448e-05,-9.441572715228176e-10
179.22922403003756,5.558063506823697e-06,1.038146196629343e-09,-1.038146196629343e-09,1.8071019023628525e-05,-9.377063252629966e-10
179.47947434292865,5.53484689088231e-06,1.0309288454114928e-09,-1.0309288454114928e-09,1.799881150400526e-05,-9.313081795189725e-10
179.72972465581978,5.511759399439758e-06,1.0237716219029446e-09,-1.0237716219029446e-09,1.792699640701903e-05,-9.249623309528346e-10
179.97997496871088,5.488800136048635e-06,1.0166739425285544e-09,-1.0166739425285544e-09,1.78555710470187e-05,-9.186682817364521e-10
180.230225281602,5.465968211719478e-06,1.009635230161318e-09,-1.009635230161318e-09,1.7784532760476283e-05,-9.124255394322711e-10
180.48047559449316,5.443262744848491e-06,1.0026549140128535e-09,-1.0026549140128535e-09,1.77138789057742e-05,-9.062336168982953e-10
180.73072590738423,5.420682861146065e-06,9.95732429666337e-10,-9.95732429666337e-10,1.764360686299467e-05,-9.000920323353026e-10
180.98097622027532,5.398227693566049e-06,9.888672188830904e-10,-9.888672188830904e-10,1.7573714033711568e-05,-8.940003091074983e-10
181.23122653316645,5.375896382235864e-06,9.82058729619505e-10,-9.82058729619505e-10,1.750419784078449e-05,-8.879579757732908e-10
181.4814768460576,5.353688074387346e-06,9.753064158359083e-10,-9.753064158359083e-10,1.7435055728155087e-05,-8.819645659078056e-10
181.7317271589487,5.3316019242883644e-06,9.686097375804737e-10,-9.686097375804737e-10,1.7366285160645645e-05,-8.760196182002349e-10
181.9819774718398,5.309637093175169e-06,9.619681607238995e-10,-9.619681607238995e-10,1.7297883623759856e-05,-8.701226762017569e-10
182.23222778473087,5.287792749185513e-06,9.553811570977087e-10,-9.553811570977087e-10,1.7229848623485703e-05,-8.64273288476877e-10
182.482478097622,5.266068067292482e-06,9.488482042375641e-10,-9.488482042375641e-10,1.7162177686100638e-05,-8.5847100835959e-10
182.73272841051315,5.24446222923907e-06,9.423687853790445e-10,-9.423687853790445e-10,1.7094868357978675e-05,-8.527153939618113e-10
182.98297872340424,5.222974423473457e-06,9.359423894670544e-10,-9.359423894670544e-10,1.7027918205399817e-05,-8.470060081952532e-10
183.23322903629537,5.201603845084972e-06,9.295685109423983e-10,-9.295685109423983e-10,1.6961324814361276e-05,-8.413424185702815e-10
183.4834793491865,5.1803496957408e-06,9.232466498156471e-10,-9.232466498156471e-10,1.689508579039104e-05,-8.357241972818801e-10
183.7337296620776,5.159211183623345e-06,9.169763114274932e-10,-9.169763114274932e-10,1.6829198758363166e-05,-8.301509209819258e-10
183.98397997496872,5.13818752336827e-06,9.107570066198416e-10,-9.107570066198416e-10,1.6763661362315294e-05,-8.246221709620224e-10
184.23423028785984,5.117277936003241e-06,9.045882514120568e-10,-9.045882514120568e-10,1.669847126526799e-05,-8.191375328413168e-10
184.4844806007509,5.096481648887305e-06,8.984695671417561e-10,-8.984695671417561e-10,1.6633626149046117e-05,-8.136965967186906e-10
184.73473091364207,5.075797895650916e-06,8.92400480309799e-10,-8.92400480309799e-10,1.6569123714102053e-05,-8.082989570289801e-10
184.9849812265332,5.0552259161366695e-06,8.863805224878184e-10,-8.863805224878184e-10,1.650496167934091e-05,-8.029442124615717e-10
185.2352315394243,5.034764956340597e-06,8.804092303196792e-10,-8.804092303196792e-10,1.644113778194751e-05,-7.976319659727625e-10
185.4854818523154,5.014414268354141e-06,8.744861454525705e-10,-8.744861454525705e-10,1.6377649777215306e-05,-7.923618247275951e-10
185.7357321652065,4.9941731103067475e-06,8.686108144353551e-10,-8.686108144353551e-10,1.631449543837709e-05,-7.871334000087901e-10
185.9859824780976,4.974040746309075e-06,8.627827886967283e-10,-8.627827886967283e-10,1.6251672556437545e-05,-7.819463072053349e-10
186.23623279098877,4.954016446396796e-06,8.570016245052276e-10,-8.570016245052276e-10,1.618917894000751e-05,-7.768001657827698e-10
186.48648310387983,4.934099486475045e-06,8.512668827815962e-10,-8.512668827815962e-10,1.612701241514012e-05,-7.716945991056766e-10
186.73673341677096,4.914289148263386e-06,8.455781292772778e-10,-8.455781292772778e-10,1.60651708251686e-05,-7.666292346261541e-10
186.9869837296621,4.89458471924146e-06,8.399349342710212e-10,-8.399349342710212e-10,1.6003652030545786e-05,-7.616037035902543e-10
187.2372340425532,4.87498549259514e-06,8.343368726696696e-10,-8.343368726696696e-10,1.5942453908685463e-05,-7.566176411484613e-10
187.4874843554443,4.8554907671632965e-06,8.287835239066421e-10,-8.287835239066421e-10,1.588157435380519e-05,-7.516706862637235e-10
187.73773466833543,4.836099847385112e-06,8.232744719141655e-10,-8.232744719141655e-10,1.582101127677101e-05,-7.467624816930951e-10
187.98798498122653,4.8168120432479815e-06,8.17809304950282e-10,-8.17809304950282e-10,1.5760762604943602e-05,-7.418926738240172e-10
188.2382352941177,4.797626670235925e-06,8.123876157554348e-10,-8.123876157554348e-10,1.5700826282026184e-05,-7.370609128400449e-10
188.4884856070088,4.778543049278599e-06,8.07009001318124e-10,-8.07009001318124e-10,1.5641200267913985e-05,-7.32266852495509e-10
188.73873591989988,4.7595605067008035e-06,8.01673062893868e-10,-8.01673062893868e-10,1.558188253854528e-05,-7.27510150143357e-10
188.98898623279095,4.740678374172535e-06,7.963794059704254e-10,-7.963794059704254e-10,1.5522871085754036e-05,-7.227904667091231e-10
189.2392365456821,4.721895988659581e-06,7.911276401933369e-10,-7.911276401933369e-10,1.5464163917124045e-05,-7.181074666250946e-10
189.48948685857323,4.70321269237464e-06,7.859173793092554e-10,-7.859173793092554e-10,1.5405759055844647e-05,-7.134608177821413e-10
189.73973717146436,4.684627832728922e-06,7.807482411435407e-10,-7.807482411435407e-10,1.534765454056795e-05,-7.088501915156877e-10
189.98998748435545,4.666140762284293e-06,7.756198475138325e-10,-7.756198475138325e-10,1.528984842526747e-05,-7.042752625275437e-10
190.24023779724652,4.6477508387059015e-06,7.705318242860217e-10,-7.705318242860217e-10,1.5232338779098402e-05,-6.997357089500147e-10
190.49048811013768,4.629457424715312e-06,7.654838011032803e-10,-7.654838011032803e-10,1.5175123686259161e-05,-6.952312120829546e-10
190.7407384230288,4.611259888044142e-06,7.60475411617967e-10,-7.60475411617967e-10,1.5118201245854543e-05,-6.90761456633579e-10
190.9909887359199,4.593157601388153e-06,7.55506293263913e-10,-7.55506293263913e-10,1.5061569571760177e-05,-6.863261304965462e-10
191.24123904881105,4.5751499423618395e-06,7.505760872595307e-10,-7.505760872595307e-10,1.500522679248845e-05,-6.819249247647508e-10
191.4914893617021,4.5572362934535154e-06,7.456844385525129e-10,-7.456844385525129e-10,1.4949171051055824e-05,-6.775575336815967e-10
191.74173967459325,4.539416041980798e-06,7.408309958015935e-10,-7.408309958015935e-10,1.4893400504851481e-05,-6.732236546302258e-10
191.99198998748437,4.521688580046658e-06,7.360154113711221e-10,-7.360154113711221e-10,1.4837913325507395e-05,-6.689229881354532e-10
192.24224030037547,4.504053304495835e-06,7.312373410795111e-10,-7.312373410795111e-10,1.4782707698769707e-05,-6.646552376194713e-10
192.4924906132666,4.4865096168717454e-06,7.264964445368504e-10,-7.264964445368504e-10,1.4727781824371409e-05,-6.604201097466192e-10
192.7427409261577,4.46905692337385e-06,7.21792384677872e-10,-7.21792384677872e-10,1.4673133915906386e-05,-6.562173139633989e-10
192.9929912390488,4.4516946348154275e-06,7.171248280431883e-10,-7.171248280431883e-10,1.4618762200704746e-05,-6.520465627866684e-10
193.24324155193992,4.4344221665818155e-06,7.12493444619061e-10,-7.12493444619061e-10,1.4564664919709393e-05,-6.479075716502652e-10
193.49349186483104,4.417238938589074e-06,7.078979076937926e-10,-7.078979076937926e-10,1.451084032735391e-05,-6.438000587681563e-10
193.7437421777221,4.400144375243071e-06,7.033378940585587e-10,-7.033378940585587e-10,1.4457286691441685e-05,-6.39723745341935e-10
193.99399249061327,4.383137905398975e-06,6.988130837110534e-10,-6.988130837110534e-10,1.4404002293026262e-05,-6.356783552710363e-10
194.2442428035044,4.366218962321215e-06,6.943231600605812e-10,-6.943231600605812e-10,1.4350985426292913e-05,-6.316636153643057e-10
194.4944931163955,4.349386983643795e-06,6.898678096259351e-10,-6.898678096259351e-10,1.4298234398441477e-05,-6.276792550442657e-10
194.7447434292866,4.332641411331041e-06,6.854467222944135e-10,-6.854467222944135e-10,1.4245747529570274e-05,-6.237250066124305e-10
194.9949937421777,4.315981691638756e-06,6.810595909830598e-10,-6.810595909830598e-10,1.4193523152561364e-05,-6.198006049167542e-10
195.24524405506884,4.299407275075765e-06,6.767061118305932e-10,-6.767061118305932e-10,1.4141559612966791e-05,-6.159057875496862e-10
195.49549436796,4.282917616365849e-06,6.723859841128318e-10,-6.723859841128318e-10,1.408985526889618e-05,-6.120402947696312e-10
195.74574468085103,4.266512174410092e-06,6.680989100485301e-10,-6.680989100485301e-10,1.4038408490905301e-05,-6.082038693127406e-10
195.9959949937422,4.2501904122495485e-06,6.638445950428785e-10,-6.638445950428785e-10,1.3987217661885862e-05,-6.043962566422836e-10
196.24624530663328,4.233951797028396e-06,6.596227473567954e-10,-6.596227473567954e-10,1.3936281176956388e-05,-6.006172046237279e-10
196.4964956195244,4.217795799957352e-06,6.554330783591779e-10,-6.554330783591779e-10,1.3885597443354217e-05,-5.968664637826999e-10
196.7467459324155,4.201721896277548e-06,6.512753021708271e-10,-6.512753021708271e-10,1.383516488032857e-05,-5.931437869545404e-10
196.99699624530663,4.185729565224707e-06,6.471491360257046e-10,-6.471491360257046e-10,1.3784981919034694e-05,-5.894489296511131e-10
197.24724655819776,4.169818289993737e-06,6.430542997956223e-10,-6.430542997956223e-10,1.3735047002429118e-05,-5.857816495909697e-10
197.49749687108888,4.153987557703645e-06,6.38990516406858e-10,-6.38990516406858e-10,1.3685358585165918e-05,-5.821417071213661e-10
197.74774718398,4.138236859362822e-06,6.349575113564236e-10,-6.349575113564236e-10,1.3635915133493979e-05,-5.785288647398555e-10
197.99799749687108,4.1225656898346795e-06,6.309550131212394e-10,-6.309550131212394e-10,1.3586715125155463e-05,-5.749428875087157e-10
198.2482478097622,4.106973547803616e-06,6.269827527717119e-10,-6.269827527717119e-10,1.3537757049285044e-05,-5.713835426737063e-10
198.49849812265333,4.09145993574136e-06,6.230404641369808e-10,-6.230404641369808e-10,1.3489039406310406e-05,-5.678505998344254e-10
198.74874843554443,4.0760243598736175e-06,6.19127883718109e-10,-6.19127883718109e-10,1.3440560707853515e-05,-5.643438308625379e-10
198.99899874843555,4.060666330147065e-06,6.152447506534188e-10,-6.152447506534188e-10,1.3392319476633043e-05,-5.608630098720822e-10
199.24924906132665,4.045385360196689e-06,6.113908066995544e-10,-6.113908066995544e-10,1.3344314246367666e-05,-5.574079132054345e-10
199.49949937421775,4.03018096731343e-06,6.075657961725644e-10,-6.075657961725644e-10,1.3296543561680371e-05,-5.539783193792262e-10
199.74974968710887,4.015052672412162e-06,6.037694660288168e-10,-6.037694660288168e-10,1.3249005978003697e-05,-5.505740091700283e-10
200.0,4e-06,6.075468094022967e-10,-6.075468094022967e-10,1.320170006148592e-05,-5.547400091563529e-10
